original_order,s5_type,s5_id,s5_latitude,s5_longitude,s5_time,lcs_latitude,lcs_longitude,lcs_date,lcs_time,s5_description,lcs_remarks_private,lcs_insta360_offset_minutes,lcs_insta360_offset_seconds,lcs_insta360_offset_frames_at_30fps,lcs_zylia_offset_minutes,lcs_zylia_offset_seconds,lcs_zylia_offset_frames_at_30fps,lcs_sqobold_offset_minutes,lcs_sqobold_offset_seconds,lcs_sqobold_offset_frames_at_30fps,usable_length_bin_minutes,usable_length_bin_seconds,usable_length_bin_frames_at_30fps,usable_length_all_minutes,usable_length_all_seconds,usable_length_all_frames_at_30fps,onemin_offset_bin_minutes,onemin_offset_bin_seconds,onemin_offset_bin_frames_at_30fps,onemin_offset_zyl_minutes,onemin_offset_zyl_seconds,onemin_offset_zyl_frames_at_30fps,sqobold_id,lcs_id,lcs_description,hdd_folder_name,insitu_spl_full_L,insitu_spl_full_R,insitu_spl_full_LR_eavg,insitu_spl_full_GRAS146AE,insitu_spl_1min_L,insitu_spl_1min_R,insitu_spl_1min_LR_eavg,insitu_spl_1min_GRAS146AE,gain_at_insitu_spl_LR,leq_at_gain_at_insitu_spl_LR,gain_at_insitu_spl_GRAS146E,leq_at_gain_at_insitu_spl_GRAS146E,link_full_youtube,link_full_insta360,link_full_sqobold_all,link_full_sqobold_bin,link_full_sqobold_spl,link_full_zylia_19ch_part01,link_full_zylia_19ch_part02,link_full_zylia_02ch,link_1min_youtube,link_1min_insta360,link_1min_sqobold_all,link_1min_sqobold_bin,link_1min_sqobold_spl,link_1min_zylia_19ch,link_1min_zylia_02ch,check_duration,check_no_researchers_in_video,check_sync,check_location
Order (Original),Type,ID,Latitude,Longitude,Time,Latitude (Recorded),Longitude (Recorded),Date (Recorded),Time (Recorded),Description,Plan,Insta360 offset from start,,,Zylia offset from start,,,SQobold offset from start,,,Usable length (SQobold + Insta360),,,Usable length (All),,,One-minute excerpt offset (SQobold + Insta360),,,One-minute excerpt offset (Zylia),,,SQobold index,LCS recording index,LCS description,HDD folder name,"In-situ SPL (Full track), dBA, L channel","In-situ SPL (Full track), dBA, R channel","In-situ SPL (Full track), dBA, LR channel energetic average","In-situ SPL (Full track), dBA, SPL channel","In-situ SPL (1-min track), dBA, L channel","In-situ SPL (1-min track), dBA, R channel","In-situ SPL (1-min track), dBA, LR channel energetic average","In-situ SPL (1-min track), dBA, SPL channel","Gain at in-situ A-weighted SPL, LR channels","Leq at gain at in-situ A-weighted SPL, LR channels","Gain at in-situ A-weighted SPL, SPL channel","Leq at gain at in-situ A-weighted SPL, SPL channel",Youtube link (full),Insta360 link (full),SQobold HDF link (full),SQobold binaural WAV link (full),SQobold SPL WAV link (full),Zylia 19-channel WAV link part 01 (full),Zylia 19-channel WAV link part 02 (full),Zylia stereo WAV link (full),Youtube link (1-min),Insta360 link (1-min),SQobold HDF link (1-min),SQobold binaural WAV link (1-min),SQobold SPL WAV link (1-min),Zylia 19-channel WAV link (1-min),Zylia stereo WAV link (1-min),Check: All files have same duration (plus minus 1 frame or so),Check: Insta360 has no researchers,Check: Insta360 + SQobold are synced,Check: Video matches location description
,,,,,,,,,,,,Minutes,Seconds,Frames@30fps,Minutes,Seconds,Frames@30fps,Minutes,Seconds,Frames@30fps,Minutes,Seconds,Frames@30fps,Minutes,Seconds,Frames@30fps,Minutes,Seconds,Frames@30fps,Minutes,Seconds,Frames@30fps,,,,,,,,,,,,,,,,,,,,,,,,,,,,,,,,,,,
40,C&T,11,1.348941989,103.6876865,Early in the morning,1.3502707,103.6881645,20220916,1023,NTU Sports and Recreation Centre,Recorded on 20220916 by Jessie & Hao Weng,1,44,13,2,14,16,2,2,14,25,32,14,22,44,12,16,0,0,16,0,0,REC009,S0001,NTU Sports and Recreation Centre,NTU Sports and Recreation Centre,50.97,50.98,50.97500288,48.18,48.78,49.58,49.19839,46.52,5.97802,50.89920304,4.074715,48.19012258,https://youtu.be/REmxz-1Pf7Q,https://researchdata.ntu.edu.sg/api/access/datafile/110455?gbrecs=true,https://researchdata.ntu.edu.sg/api/access/datafile/110454?gbrecs=true,https://researchdata.ntu.edu.sg/api/access/datafile/110457?gbrecs=true,https://researchdata.ntu.edu.sg/api/access/datafile/110458?gbrecs=true,https://researchdata.ntu.edu.sg/api/access/datafile/110459?gbrecs=true,NIL,https://researchdata.ntu.edu.sg/api/access/datafile/110456?gbrecs=true,https://youtu.be/ADzSYviV0Gc,https://researchdata.ntu.edu.sg/api/access/datafile/111099?gbrecs=true,https://researchdata.ntu.edu.sg/api/access/datafile/111336?gbrecs=true,https://researchdata.ntu.edu.sg/api/access/datafile/110292?gbrecs=true,https://researchdata.ntu.edu.sg/api/access/datafile/110386?gbrecs=true,https://researchdata.ntu.edu.sg/api/access/datafile/110156?gbrecs=true,https://researchdata.ntu.edu.sg/api/access/datafile/110215?gbrecs=true,1,1,1,1
19,C&R,4,1.3376415,103.7036367,NIL,1.337600,103.702834,20220916,1205,Intersection of Jurong West Street 63 & Jurong West Street 64,Recorded on 20220916 by Jessie & Hao Weng,0,41,27,0,48,17,0,45,15,26,10,27,23,1,12,14,12,0,14,12,0,REC010,S0002,Intersection of Jurong West Street 63 & Jurong West Street 64,Intersection of Jurong West Street 63 & Jurong West Street 64,69.82,66.12,68.35265989,65.4,76.8,71.54,74.92195,71.64,5.525061,68.34301979,3.931427,65.40905848,https://youtu.be/7iV2FOR48FQ,https://researchdata.ntu.edu.sg/api/access/datafile/108989?gbrecs=true,https://researchdata.ntu.edu.sg/api/access/datafile/109005?gbrecs=true,https://researchdata.ntu.edu.sg/api/access/datafile/109003?gbrecs=true,https://researchdata.ntu.edu.sg/api/access/datafile/109008?gbrecs=true,https://researchdata.ntu.edu.sg/api/access/datafile/109006?gbrecs=true,https://researchdata.ntu.edu.sg/api/access/datafile/109004?gbrecs=true,https://researchdata.ntu.edu.sg/api/access/datafile/109007?gbrecs=true,https://youtu.be/qskVz-fkItU,https://researchdata.ntu.edu.sg/api/access/datafile/111084?gbrecs=true,https://researchdata.ntu.edu.sg/api/access/datafile/111313?gbrecs=true,https://researchdata.ntu.edu.sg/api/access/datafile/110275?gbrecs=true,https://researchdata.ntu.edu.sg/api/access/datafile/110279?gbrecs=true,https://researchdata.ntu.edu.sg/api/access/datafile/110152?gbrecs=true,https://researchdata.ntu.edu.sg/api/access/datafile/110159?gbrecs=true,1,1,1,1
45,B&L,1,1.336054064,103.6840244,NIL,1.3314139,103.6782363,20220916,1317,Singapore Discovery Centre,Recorded on 20220916 by Jessie & Hao Weng,0,46,19,1,5,26,1,1,23,26,21,9,23,52,29,10,37,0,10,37,0,REC011,S0003,Singapore Discovery Centre,Singapore Discovery Centre,60.45,61.03,60.74967518,57.03,60.41,57.8,59.29819,55,6.520904,60.7146105,4.213561,57.01614381,https://youtu.be/NETpq50GJao,NIL,https://researchdata.ntu.edu.sg/api/access/datafile/111136?gbrecs=true,https://researchdata.ntu.edu.sg/api/access/datafile/110509?gbrecs=true,https://researchdata.ntu.edu.sg/api/access/datafile/111127?gbrecs=true,NIL,NIL,https://researchdata.ntu.edu.sg/api/access/datafile/111122?gbrecs=true,https://youtu.be/MmVc0-cDdrE,https://researchdata.ntu.edu.sg/api/access/datafile/111058?gbrecs=true,https://researchdata.ntu.edu.sg/api/access/datafile/111310?gbrecs=true,https://researchdata.ntu.edu.sg/api/access/datafile/110157?gbrecs=true,https://researchdata.ntu.edu.sg/api/access/datafile/110165?gbrecs=true,https://researchdata.ntu.edu.sg/api/access/datafile/110320?gbrecs=true,https://researchdata.ntu.edu.sg/api/access/datafile/110155?gbrecs=true,1,1,1,1
16,C&R,1,1.359156559,103.9407174,NIL,1.3581378,103.9400907,20220919,1824,Tampines Central 7,Recorded on 20220919 by Kenneth,5,41,12,5,14,21,3,58,25,38,43,9,38,43,9,7,2,0,7,2,0,REC013,S0004,Tampines Central 7,Tampines Central 7,69.26,71.1,70.27672519,66.92,72.74,76.35,74.90977,71.48,6.16897,70.2267011,4.194278,66.89676791,https://youtu.be/q04g1INdn5A,NIL,https://researchdata.ntu.edu.sg/api/access/datafile/111133?gbrecs=true,https://researchdata.ntu.edu.sg/api/access/datafile/110496?gbrecs=true,https://researchdata.ntu.edu.sg/api/access/datafile/111125?gbrecs=true,NIL,NIL,https://researchdata.ntu.edu.sg/api/access/datafile/111129?gbrecs=true,https://youtu.be/_2MbSIqL0Cg,https://researchdata.ntu.edu.sg/api/access/datafile/111067?gbrecs=true,https://researchdata.ntu.edu.sg/api/access/datafile/111353?gbrecs=true,https://researchdata.ntu.edu.sg/api/access/datafile/110347?gbrecs=true,https://researchdata.ntu.edu.sg/api/access/datafile/110177?gbrecs=true,https://researchdata.ntu.edu.sg/api/access/datafile/110297?gbrecs=true,https://researchdata.ntu.edu.sg/api/access/datafile/110205?gbrecs=true,1,1,1,1
32,C&T,3,1.362116882,103.9467685,Weekends,1.3633240,103.9461632,20220921,1845,Tampines Eco Green Park,Recorded on 20220921 by Kenneth. Postal code: 529568. SQobold lacks 1 frame.,3,8,23,3,47,28,2,20,4,28,52,10,21,11,3,8,53,0,8,53,0,REC017,S0005,Tampines Eco Green Park,Tampines Eco Green Park,57.23,61.15,59.61803492,55.77,59.66,64.34,62.60207,58.35,7.882733,59.5669463,5.000619,55.74731821,https://youtu.be/8xmRBVsQf-4,NIL,https://researchdata.ntu.edu.sg/api/access/datafile/111128?gbrecs=true,https://researchdata.ntu.edu.sg/api/access/datafile/110500?gbrecs=true,https://researchdata.ntu.edu.sg/api/access/datafile/111132?gbrecs=true,NIL,NIL,https://researchdata.ntu.edu.sg/api/access/datafile/111130?gbrecs=true,https://youtu.be/wy25PHRmTE0,https://researchdata.ntu.edu.sg/api/access/datafile/111091?gbrecs=true,https://researchdata.ntu.edu.sg/api/access/datafile/111347?gbrecs=true,https://researchdata.ntu.edu.sg/api/access/datafile/110199?gbrecs=true,https://researchdata.ntu.edu.sg/api/access/datafile/110373?gbrecs=true,https://researchdata.ntu.edu.sg/api/access/datafile/110387?gbrecs=true,https://researchdata.ntu.edu.sg/api/access/datafile/110285?gbrecs=true,1,1,1,1
55,B&L,11,1.372735405,103.9496974,NIL,1.3728609,103.9508064,20220922,1136,White Sands Shopping Mall,Recorded on 20220922 by Kenneth. Postal code: 510532,1,25,7,1,46,6,1,50,0,18,47,7,11,6,29,16,30,0,16,30,0,REC019,S0006,White Sands Shopping Mall,White Sands Shopping Mall [no rain],67.47,68.46,67.99314868,63.81,69.77,70.98,70.417,66.67,5.349492,67.95236592,3.299246,63.79424021,https://youtu.be/oLjJXGHPr98,NIL,https://researchdata.ntu.edu.sg/api/access/datafile/111124?gbrecs=true,https://researchdata.ntu.edu.sg/api/access/datafile/110511?gbrecs=true,https://researchdata.ntu.edu.sg/api/access/datafile/111116?gbrecs=true,NIL,NIL,https://researchdata.ntu.edu.sg/api/access/datafile/111135?gbrecs=true,https://youtu.be/jmIQ_dwTGig,https://researchdata.ntu.edu.sg/api/access/datafile/111069?gbrecs=true,https://researchdata.ntu.edu.sg/api/access/datafile/111339?gbrecs=true,https://researchdata.ntu.edu.sg/api/access/datafile/110288?gbrecs=true,https://researchdata.ntu.edu.sg/api/access/datafile/110376?gbrecs=true,https://researchdata.ntu.edu.sg/api/access/datafile/110227?gbrecs=true,https://researchdata.ntu.edu.sg/api/access/datafile/110240?gbrecs=true,1,1,1,1
48,B&L,4,1.342467129,103.9633338,Area around MRT station,1.3424770,103.9637642,20220922,1319,Singapore University of Technology and Design Staff Housing,"Recorded on 20220922 by Kenneth. Postal code: 487371. Second half of 1-min excerpt has impulse on right channel binaural recording, do not use that half for ARAUSv2.",1,31,3,1,17,5,1,22,8,30,4,19,23,41,21,3,54,0,3,54,0,REC021,S0007,Singapore University of Technology and Design Staff Housing,Singapore University of Technology and Design Staff Housing,63.72,68.48,66.72189326,59.6,63.95,82.53,79.57951,59.52,9.200503,66.70140348,3.982962,59.61274264,https://youtu.be/vGQoPN63uLQ,NIL,https://researchdata.ntu.edu.sg/api/access/datafile/111131?gbrecs=true,https://researchdata.ntu.edu.sg/api/access/datafile/110513?gbrecs=true,https://researchdata.ntu.edu.sg/api/access/datafile/111121?gbrecs=true,NIL,NIL,https://researchdata.ntu.edu.sg/api/access/datafile/111118?gbrecs=true,https://youtu.be/VS_Mzlp7b4E,https://researchdata.ntu.edu.sg/api/access/datafile/111051?gbrecs=true,https://researchdata.ntu.edu.sg/api/access/datafile/111345?gbrecs=true,https://researchdata.ntu.edu.sg/api/access/datafile/110160?gbrecs=true,https://researchdata.ntu.edu.sg/api/access/datafile/110369?gbrecs=true,https://researchdata.ntu.edu.sg/api/access/datafile/110248?gbrecs=true,https://researchdata.ntu.edu.sg/api/access/datafile/110359?gbrecs=true,1,1,1,1
34,C&T,5,1.388507653,103.9884539,NIL,1.3909713,103.9884356,20220922,1743,Changi Beach Park,Recorded on 20220922 by Kenneth. Postal code: 498990. SQobold lacks 1 frame.,1,3,22,1,14,14,1,24,11,31,44,14,23,43,12,1,59,0,1,59,0,REC024,S0008,Changi Beach Park,Changi Beach Park [non-corrupted],60.64,60.9,60.77194539,58.43,64.54,65.14,64.85035,62.92,6.430018,60.74189221,4.886378,58.42333345,https://youtu.be/RMcyq8oq3Tg,NIL,https://researchdata.ntu.edu.sg/api/access/datafile/111119?gbrecs=true,https://researchdata.ntu.edu.sg/api/access/datafile/110463?gbrecs=true,https://researchdata.ntu.edu.sg/api/access/datafile/111123?gbrecs=true,NIL,NIL,https://researchdata.ntu.edu.sg/api/access/datafile/111115?gbrecs=true,https://youtu.be/kEw58WqG7WY,https://researchdata.ntu.edu.sg/api/access/datafile/111073?gbrecs=true,https://researchdata.ntu.edu.sg/api/access/datafile/111338?gbrecs=true,https://researchdata.ntu.edu.sg/api/access/datafile/110289?gbrecs=true,https://researchdata.ntu.edu.sg/api/access/datafile/110259?gbrecs=true,https://researchdata.ntu.edu.sg/api/access/datafile/110201?gbrecs=true,https://researchdata.ntu.edu.sg/api/access/datafile/110175?gbrecs=true,1,1,1,1
26,C&R,11,1.33519676,103.8844747,NIL,1.3330752,103.8869456,20220928,1141,Harrison Industrial Building,Recorded on 20220928 by Kenneth,2,32,13,3,3,27,2,17,13,33,1,25,33,1,25,9,41,0,9,41,0,REC025,S0009,Harrison Industrial Building,Harrison Industrial Building,76.89,74.31,75.7888339,72.29,79.72,81.48,80.68855,76.87,5.304905,75.7859936,3.536047,72.27981503,https://youtu.be/ZrAF-kaG_-c,NIL,https://researchdata.ntu.edu.sg/api/access/datafile/111117?gbrecs=true,https://researchdata.ntu.edu.sg/api/access/datafile/110491?gbrecs=true,https://researchdata.ntu.edu.sg/api/access/datafile/111137?gbrecs=true,NIL,NIL,https://researchdata.ntu.edu.sg/api/access/datafile/111126?gbrecs=true,https://youtu.be/SPpHUa3VlDg,https://researchdata.ntu.edu.sg/api/access/datafile/111111?gbrecs=true,https://researchdata.ntu.edu.sg/api/access/datafile/111324?gbrecs=true,https://researchdata.ntu.edu.sg/api/access/datafile/110318?gbrecs=true,https://researchdata.ntu.edu.sg/api/access/datafile/110281?gbrecs=true,https://researchdata.ntu.edu.sg/api/access/datafile/110384?gbrecs=true,https://researchdata.ntu.edu.sg/api/access/datafile/110169?gbrecs=true,1,1,1,1
36,C&T,7,1.301187849,103.9156572,Sea side in the evenings,1.301258,103.915458,20220929,1049,East Coast Park (Area C),Recorded on 20220929 by Jessie & Hao Weng,4,51,12,4,9,3,2,58,22,24,18,25,24,18,25,22,26,0,22,26,0,REC028,S0010,East Coast Park (Area C),East Coast Park (Area C),59.49,57.07,58.44642409,55.42,61.84,57.71,60.24848,56.78,6.328845,58.43675596,4.407118,55.41833992,https://youtu.be/vmTkxvmIREU,NIL,https://researchdata.ntu.edu.sg/api/access/datafile/111138?gbrecs=true,https://researchdata.ntu.edu.sg/api/access/datafile/110466?gbrecs=true,https://researchdata.ntu.edu.sg/api/access/datafile/111134?gbrecs=true,NIL,NIL,https://researchdata.ntu.edu.sg/api/access/datafile/111120?gbrecs=true,https://youtu.be/VDIdwPTqTTU,https://researchdata.ntu.edu.sg/api/access/datafile/111096?gbrecs=true,https://researchdata.ntu.edu.sg/api/access/datafile/111300?gbrecs=true,https://researchdata.ntu.edu.sg/api/access/datafile/110161?gbrecs=true,https://researchdata.ntu.edu.sg/api/access/datafile/110217?gbrecs=true,https://researchdata.ntu.edu.sg/api/access/datafile/110295?gbrecs=true,https://researchdata.ntu.edu.sg/api/access/datafile/110238?gbrecs=true,1,1,1,1
14,F&E,14,1.363875914,103.9914004,NIL,1.360501,103.990074,20220929,1326,Changi Airport Terminal 1,Recorded on 20220929 by Jessie & Hao Weng,2,37,27,2,27,25,2,35,19,23,43,0,23,43,0,6,56,0,6,56,0,REC029,S0011,Changi Airport Terminal 1 (Information Counter),Changi Airport Terminal 1 [Information Counter],65.51,65.98,65.75135491,63.02,68.59,67.12,67.9169,65,6.261284,65.72276436,4.552673,62.98899826,https://youtu.be/4Lpm3qYoaUw,NIL,https://researchdata.ntu.edu.sg/api/access/datafile/111158?gbrecs=true,https://researchdata.ntu.edu.sg/api/access/datafile/110474?gbrecs=true,https://researchdata.ntu.edu.sg/api/access/datafile/111147?gbrecs=true,NIL,NIL,https://researchdata.ntu.edu.sg/api/access/datafile/111146?gbrecs=true,https://youtu.be/OUSOOjNhYlY,https://researchdata.ntu.edu.sg/api/access/datafile/111087?gbrecs=true,https://researchdata.ntu.edu.sg/api/access/datafile/111297?gbrecs=true,https://researchdata.ntu.edu.sg/api/access/datafile/110339?gbrecs=true,https://researchdata.ntu.edu.sg/api/access/datafile/110282?gbrecs=true,https://researchdata.ntu.edu.sg/api/access/datafile/110349?gbrecs=true,https://researchdata.ntu.edu.sg/api/access/datafile/110162?gbrecs=true,1,1,1,1
25,C&R,10,1.364476558,103.9915721,NIL,1.360490,103.990580,20220929,1403,Changi Airport Terminal 1,Recorded on 20220929 by Jessie & Hao Weng,1,3,26,1,21,12,0,56,15,27,57,8,23,37,14,4,40,0,4,40,0,REC031,S0012,Changi Airport Terminal 1 (Arrival Gate),Changi Airport Terminal 1 [Arrival Gate],64.56,62.8,63.7685526,61.04,67.99,69.12,68.59165,64.66,6.183329,63.76140244,4.489562,61.01605731,https://youtu.be/lIDs8Q5c3uw,NIL,https://researchdata.ntu.edu.sg/api/access/datafile/111159?gbrecs=true,https://researchdata.ntu.edu.sg/api/access/datafile/110492?gbrecs=true,https://researchdata.ntu.edu.sg/api/access/datafile/111162?gbrecs=true,NIL,NIL,https://researchdata.ntu.edu.sg/api/access/datafile/111149?gbrecs=true,https://youtu.be/tDLKe5j4eRo,https://researchdata.ntu.edu.sg/api/access/datafile/111101?gbrecs=true,https://researchdata.ntu.edu.sg/api/access/datafile/111295?gbrecs=true,https://researchdata.ntu.edu.sg/api/access/datafile/110382?gbrecs=true,https://researchdata.ntu.edu.sg/api/access/datafile/110151?gbrecs=true,https://researchdata.ntu.edu.sg/api/access/datafile/110363?gbrecs=true,https://researchdata.ntu.edu.sg/api/access/datafile/110277?gbrecs=true,1,1,1,1
21,C&R,6,1.324737167,103.9306484,Lunch and dinner times,1.324892,103.930391,20220929,1620,Bedok Interchange Hawker Centre,Recorded on 20220929 by Jessie & Hao Weng Postal code: 463220. Recorded in 5.7k instead of 4k.,3,19,12,1,24,13,1,29,20,24,21,22,24,21,22,6,59,0,6,59,0,REC033,S0013,Bedok Interchange Hawker Centre,Bedok Interchange Hawker Centre [non-corrupted],68.44,67.59,68.03576212,65.02,68.92,67.79,68.39165,65.4,6.03841,68.03356405,4.246277,64.98931714,https://youtu.be/56aZoFDTfEM,NIL,https://researchdata.ntu.edu.sg/api/access/datafile/111152?gbrecs=true,https://researchdata.ntu.edu.sg/api/access/datafile/110473?gbrecs=true,https://researchdata.ntu.edu.sg/api/access/datafile/111161?gbrecs=true,NIL,NIL,https://researchdata.ntu.edu.sg/api/access/datafile/111139?gbrecs=true,https://youtu.be/Bv54AFFFn-w,https://researchdata.ntu.edu.sg/api/access/datafile/111055?gbrecs=true,https://researchdata.ntu.edu.sg/api/access/datafile/111350?gbrecs=true,https://researchdata.ntu.edu.sg/api/access/datafile/110188?gbrecs=true,https://researchdata.ntu.edu.sg/api/access/datafile/110187?gbrecs=true,https://researchdata.ntu.edu.sg/api/access/datafile/110364?gbrecs=true,https://researchdata.ntu.edu.sg/api/access/datafile/110340?gbrecs=true,1,1,1,1
61,B&L,17,1.32112354,103.7405868,NIL,1.320978,103.740566,20221004,1130,Teban Neighbourhood Park,Recorded on 20221004 by Jessie & Hao Weng,1,39,14,1,35,17,1,40,18,24,32,13,22,17,12,19,25,0,19,25,0,REC034,S0014,Teban Neighbourhood Park,Teban Neighbourhood Park,63.11,62.51,62.8203534,61.99,75.19,74.74,74.97083,74.41,8.3219,62.91267256,7.445132,61.95878782,https://youtu.be/Ukk7otXXx0g,NIL,https://researchdata.ntu.edu.sg/api/access/datafile/111143?gbrecs=true,https://researchdata.ntu.edu.sg/api/access/datafile/110486?gbrecs=true,https://researchdata.ntu.edu.sg/api/access/datafile/111145?gbrecs=true,NIL,NIL,https://researchdata.ntu.edu.sg/api/access/datafile/111151?gbrecs=true,https://youtu.be/eLPL-oiQmx0,https://researchdata.ntu.edu.sg/api/access/datafile/111089?gbrecs=true,https://researchdata.ntu.edu.sg/api/access/datafile/111328?gbrecs=true,https://researchdata.ntu.edu.sg/api/access/datafile/110257?gbrecs=true,https://researchdata.ntu.edu.sg/api/access/datafile/110180?gbrecs=true,https://researchdata.ntu.edu.sg/api/access/datafile/110236?gbrecs=true,https://researchdata.ntu.edu.sg/api/access/datafile/110189?gbrecs=true,1,1,1,1
4,F&E,4,1.333243872,103.7414451,NIL,1.333402,103.742122,20221004,1239,Jurong East MRT Station,Recorded on 20221004 by Jessie & Hao Weng,3,25,9,1,22,20,1,24,24,24,18,2,24,18,2,7,45,0,7,45,0,REC035,S0015,Jurong East MRT Station,Jurong East MRT Station,71.08,70.9,70.99093248,68.54,72.32,72.17,72.24565,69.98,6.914896,70.98180679,5.188829,68.50946316,https://youtu.be/wSfpl6pQL3Q,NIL,https://researchdata.ntu.edu.sg/api/access/datafile/111142?gbrecs=true,https://researchdata.ntu.edu.sg/api/access/datafile/110515?gbrecs=true,https://researchdata.ntu.edu.sg/api/access/datafile/111144?gbrecs=true,NIL,NIL,https://researchdata.ntu.edu.sg/api/access/datafile/111155?gbrecs=true,https://youtu.be/o76Z4LxFGJw,https://researchdata.ntu.edu.sg/api/access/datafile/111358?gbrecs=true,https://researchdata.ntu.edu.sg/api/access/datafile/111340?gbrecs=true,https://researchdata.ntu.edu.sg/api/access/datafile/110268?gbrecs=true,https://researchdata.ntu.edu.sg/api/access/datafile/110333?gbrecs=true,https://researchdata.ntu.edu.sg/api/access/datafile/110178?gbrecs=true,https://researchdata.ntu.edu.sg/api/access/datafile/110264?gbrecs=true,1,1,1,1
60,B&L,16,1.391549335,103.6987229,NIL,1.372323,103.694445,20221011,1046,Lim Chu Kang Road,Recorded on 20221011 by Jessie & Hao Weng,1,27,5,1,25,28,1,22,29,23,32,27,23,32,27,1,43,0,1,43,0,REC036,S0016,Lim Chu Kang Road,Lim Chu Kang Road,71.34,73.43,72.50952924,68.68,70.51,73.75,72.42539,68.42,6.559097,72.49731558,4.197851,68.64069253,https://youtu.be/6hKaO59BjmI,NIL,https://researchdata.ntu.edu.sg/api/access/datafile/111157?gbrecs=true,https://researchdata.ntu.edu.sg/api/access/datafile/110497?gbrecs=true,https://researchdata.ntu.edu.sg/api/access/datafile/111140?gbrecs=true,NIL,NIL,https://researchdata.ntu.edu.sg/api/access/datafile/111160?gbrecs=true,https://youtu.be/O6yR4wC7h0s,https://researchdata.ntu.edu.sg/api/access/datafile/111052?gbrecs=true,https://researchdata.ntu.edu.sg/api/access/datafile/111298?gbrecs=true,https://researchdata.ntu.edu.sg/api/access/datafile/110362?gbrecs=true,https://researchdata.ntu.edu.sg/api/access/datafile/110144?gbrecs=true,https://researchdata.ntu.edu.sg/api/access/datafile/110183?gbrecs=true,https://researchdata.ntu.edu.sg/api/access/datafile/110233?gbrecs=true,1,1,1,1
27,C&R,12,1.333995645,103.6346393,NIL,1.334300,103.634928,20221018,1117,Intersection of Tuas West Drive & Pioneer Road,Recorded on 20221018 by Jessie & Hao Weng,2,32,0,3,0,17,2,49,12,21,55,17,21,55,17,4,23,0,4,23,0,REC040,S0017,Intersection of Tuas West Drive & Pioneer Road,Intersection of Tuas West Drive & Pioneer Road [non-corrupted],73.71,73.12,73.42501143,70.59,80.08,77.88,79.11784,76.29,6.392366,73.43019797,4.587575,70.56321813,https://youtu.be/ndjeDKXQjKY,NIL,https://researchdata.ntu.edu.sg/api/access/datafile/111156?gbrecs=true,https://researchdata.ntu.edu.sg/api/access/datafile/110470?gbrecs=true,https://researchdata.ntu.edu.sg/api/access/datafile/111141?gbrecs=true,NIL,NIL,https://researchdata.ntu.edu.sg/api/access/datafile/111154?gbrecs=true,https://youtu.be/97213CTRk3w,https://researchdata.ntu.edu.sg/api/access/datafile/111095?gbrecs=true,https://researchdata.ntu.edu.sg/api/access/datafile/111327?gbrecs=true,https://researchdata.ntu.edu.sg/api/access/datafile/110317?gbrecs=true,https://researchdata.ntu.edu.sg/api/access/datafile/110197?gbrecs=true,https://researchdata.ntu.edu.sg/api/access/datafile/110181?gbrecs=true,https://researchdata.ntu.edu.sg/api/access/datafile/110241?gbrecs=true,1,1,1,1
8,F&E,8,1.446914441,103.7301914,NIL,1.4473974,103.7303460,20221108,1152,Sungei Buloh Wetland Reserve (Mangrove Boardwalk),"Recorded on 20221108 by Jessie, Hao Weng & Kenneth",1,20,28,2,47,29,2,40,18,31,50,4,31,50,4,2,55,0,2,55,0,REC041,S0018,Sungei Buloh Wetland Reserve (Mangrove Boardwalk),Sungei Buloh Wetland Reserve (Mangrove Boardwalk),60.01,60.69,60.36329537,58.08,51.55,55.73,54.12461,50.09,6.003658,60.39101987,4.560119,58.06603326,https://youtu.be/wvCBZzg1RMg,NIL,https://researchdata.ntu.edu.sg/api/access/datafile/111150?gbrecs=true,https://researchdata.ntu.edu.sg/api/access/datafile/110508?gbrecs=true,https://researchdata.ntu.edu.sg/api/access/datafile/111153?gbrecs=true,NIL,NIL,https://researchdata.ntu.edu.sg/api/access/datafile/111148?gbrecs=true,https://youtu.be/acdtDyCbcTc,https://researchdata.ntu.edu.sg/api/access/datafile/111106?gbrecs=true,https://researchdata.ntu.edu.sg/api/access/datafile/111346?gbrecs=true,https://researchdata.ntu.edu.sg/api/access/datafile/110302?gbrecs=true,https://researchdata.ntu.edu.sg/api/access/datafile/110280?gbrecs=true,https://researchdata.ntu.edu.sg/api/access/datafile/110308?gbrecs=true,https://researchdata.ntu.edu.sg/api/access/datafile/110245?gbrecs=true,1,1,1,1
38,C&T,9,1.441122864,103.7228199,NIL,1.445906,103.727592,20221108,1319,Sungei Buloh Wetland Reserve (Buloh Besar River),"Recorded on 20221108 by Jessie, Hao Weng & Kenneth",2,12,19,1,44,26,1,42,24,23,14,1,23,14,1,18,2,0,18,2,0,REC043,S0019,Sungei Buloh Wetland Reserve (Buloh Besar River),Sungei Buloh Wetland Reserve (Buloh Besar River),56.79,55.71,56.28348554,54.91,58.46,55.32,57.16781,55.71,4.672748,56.27547788,3.989313,54.9841565,https://youtu.be/fmg-9xzQlSI,NIL,https://researchdata.ntu.edu.sg/api/access/datafile/111167?gbrecs=true,https://researchdata.ntu.edu.sg/api/access/datafile/110501?gbrecs=true,https://researchdata.ntu.edu.sg/api/access/datafile/111188?gbrecs=true,NIL,NIL,https://researchdata.ntu.edu.sg/api/access/datafile/111165?gbrecs=true,https://youtu.be/GsKnq0LmOqg,https://researchdata.ntu.edu.sg/api/access/datafile/111104?gbrecs=true,https://researchdata.ntu.edu.sg/api/access/datafile/111355?gbrecs=true,https://researchdata.ntu.edu.sg/api/access/datafile/110327?gbrecs=true,https://researchdata.ntu.edu.sg/api/access/datafile/110260?gbrecs=true,https://researchdata.ntu.edu.sg/api/access/datafile/110306?gbrecs=true,https://researchdata.ntu.edu.sg/api/access/datafile/110325?gbrecs=true,1,1,1,1
49,B&L,5,1.332750479,103.6394783,NIL,1.3319689,103.6401685,20221205,1415,Tuas West Road MRT Station,Recorded on 20221205 by Kenneth (SQobold REC044),1,39,20,1,57,6,1,46,26,31,5,6,31,5,6,11,56,0,11,56,0,REC044,S0020,Tuas West Road MRT Station,Tuas West Road MRT Station [no beam in video],80.3,77.16,79.00780823,75.26,89.25,85.11,87.6557,84.55,6.767185,79.10746647,4.320053,75.23402718,https://youtu.be/F965vGIxhbo,NIL,https://researchdata.ntu.edu.sg/api/access/datafile/111173?gbrecs=true,https://researchdata.ntu.edu.sg/api/access/datafile/110494?gbrecs=true,https://researchdata.ntu.edu.sg/api/access/datafile/111168?gbrecs=true,NIL,NIL,https://researchdata.ntu.edu.sg/api/access/datafile/111166?gbrecs=true,https://youtu.be/JydMg0ojMGg,https://researchdata.ntu.edu.sg/api/access/datafile/111112?gbrecs=true,https://researchdata.ntu.edu.sg/api/access/datafile/111315?gbrecs=true,https://researchdata.ntu.edu.sg/api/access/datafile/110372?gbrecs=true,https://researchdata.ntu.edu.sg/api/access/datafile/110265?gbrecs=true,https://researchdata.ntu.edu.sg/api/access/datafile/110322?gbrecs=true,https://researchdata.ntu.edu.sg/api/access/datafile/110263?gbrecs=true,1,1,1,1
17,C&R,2,1.300102657,103.8459222,Peak hours in the morning and evening when people go to or return from work,1.2997473,103.8459958,20221205,1621,Handy Road (Opposite Plaza Singapura Shopping Mall),Recorded on 20221205 by Kenneth (SQobold REC045),8,27,3,7,55,10,7,45,14,32,19,17,15,14,11,8,31,0,8,31,0,REC045,S0021,Handy Road (Opposite Plaza Singapura Shopping Mall),Handy Road (Opposite Plaza Singapura Shopping Mall),75.17,74.69,74.93662807,71.52,75.18,74.7,74.94663,71.49,5.666104,74.93885992,3.807201,71.48472739,https://youtu.be/lF19TyOE2KA,NIL,https://researchdata.ntu.edu.sg/api/access/datafile/111171?gbrecs=true,https://researchdata.ntu.edu.sg/api/access/datafile/110478?gbrecs=true,https://researchdata.ntu.edu.sg/api/access/datafile/111199?gbrecs=true,NIL,NIL,https://researchdata.ntu.edu.sg/api/access/datafile/111200?gbrecs=true,https://youtu.be/bgN1w76V_T4,https://researchdata.ntu.edu.sg/api/access/datafile/111056?gbrecs=true,https://researchdata.ntu.edu.sg/api/access/datafile/111351?gbrecs=true,https://researchdata.ntu.edu.sg/api/access/datafile/110147?gbrecs=true,https://researchdata.ntu.edu.sg/api/access/datafile/110146?gbrecs=true,https://researchdata.ntu.edu.sg/api/access/datafile/110346?gbrecs=true,https://researchdata.ntu.edu.sg/api/access/datafile/110216?gbrecs=true,1,1,1,1
2,F&E,2,1.291598203,103.84653,Weekends and Friday evenings,1.2901590,103.8474086,20221205,1854,Opposite Clarke Quay Shopping Mall,Recorded on 20221205 by Kenneth (SQobold REC047),1,19,29,2,33,24,1,58,20,30,2,18,30,2,18,27,43,0,27,43,0,REC047,S0022,Opposite Clarke Quay Shopping Mall,Opposite Clarke Quay Shopping Mall,63.61,64.2,63.91501143,60.5,65.37,67.47,66.54571,62.91,7.001863,63.97458842,4.655055,60.45796006,https://youtu.be/3P_pgt7EIAw,NIL,https://researchdata.ntu.edu.sg/api/access/datafile/111180?gbrecs=true,https://researchdata.ntu.edu.sg/api/access/datafile/110480?gbrecs=true,https://researchdata.ntu.edu.sg/api/access/datafile/111178?gbrecs=true,NIL,NIL,https://researchdata.ntu.edu.sg/api/access/datafile/111191?gbrecs=true,https://youtu.be/yAwNMTMUe-c,https://researchdata.ntu.edu.sg/api/access/datafile/111094?gbrecs=true,https://researchdata.ntu.edu.sg/api/access/datafile/111333?gbrecs=true,https://researchdata.ntu.edu.sg/api/access/datafile/110336?gbrecs=true,https://researchdata.ntu.edu.sg/api/access/datafile/110316?gbrecs=true,https://researchdata.ntu.edu.sg/api/access/datafile/110307?gbrecs=true,https://researchdata.ntu.edu.sg/api/access/datafile/110357?gbrecs=true,1,1,1,1
3,F&E,3,1.3542075,103.9435079,NIL,1.3538826,103.9448375,20221206,1809,Tampines Bus Interchange,Recorded on 20221206 by Kenneth (SQobold REC048),1,11,12,2,2,13,2,5,8,25,53,6,25,53,6,5,31,0,5,31,0,REC048,S0023,Tampines Central Bus Interchange,Tampines Central Bus Interchange,70.73,70.12,70.43570111,68.38,73.39,72.52,72.97675,71.27,6.946123,70.52172291,5.408235,68.33634356,https://youtu.be/1veOJzKazLU,NIL,https://researchdata.ntu.edu.sg/api/access/datafile/111190?gbrecs=true,https://researchdata.ntu.edu.sg/api/access/datafile/110493?gbrecs=true,https://researchdata.ntu.edu.sg/api/access/datafile/111201?gbrecs=true,NIL,NIL,https://researchdata.ntu.edu.sg/api/access/datafile/111182?gbrecs=true,https://youtu.be/8JkNPt2cNIk,https://researchdata.ntu.edu.sg/api/access/datafile/111357?gbrecs=true,https://researchdata.ntu.edu.sg/api/access/datafile/111349?gbrecs=true,https://researchdata.ntu.edu.sg/api/access/datafile/110294?gbrecs=true,https://researchdata.ntu.edu.sg/api/access/datafile/110203?gbrecs=true,https://researchdata.ntu.edu.sg/api/access/datafile/110383?gbrecs=true,https://researchdata.ntu.edu.sg/api/access/datafile/110243?gbrecs=true,1,1,1,1
59,B&L,15,1.321819702,103.9144639,NIL,1.3221700,103.9143689,20221207,1701,Jalan Senyum,Recorded on 20221207 by Kenneth. Postal code: 418153,1,41,4,1,55,19,1,54,21,31,14,16,13,3,7,9,14,0,9,14,0,REC049,S0024,Jalan Senyum,Jalan Senyum,56.86,57.93,57.42786986,54.16,58.64,59.95,59.34421,56.02,5.47083,57.39928768,3.701429,54.12975794,https://youtu.be/7ltPau9ZiSY,NIL,https://researchdata.ntu.edu.sg/api/access/datafile/111196?gbrecs=true,https://researchdata.ntu.edu.sg/api/access/datafile/110488?gbrecs=true,https://researchdata.ntu.edu.sg/api/access/datafile/111163?gbrecs=true,NIL,NIL,https://researchdata.ntu.edu.sg/api/access/datafile/111170?gbrecs=true,https://youtu.be/Fq6gP5N0ll0,https://researchdata.ntu.edu.sg/api/access/datafile/111057?gbrecs=true,https://researchdata.ntu.edu.sg/api/access/datafile/111335?gbrecs=true,https://researchdata.ntu.edu.sg/api/access/datafile/110334?gbrecs=true,https://researchdata.ntu.edu.sg/api/access/datafile/110344?gbrecs=true,https://researchdata.ntu.edu.sg/api/access/datafile/110337?gbrecs=true,https://researchdata.ntu.edu.sg/api/access/datafile/110235?gbrecs=true,1,1,1,1
15,F&E,15,1.301498905,103.9049564,NIL,1.3017126,103.9057900,20221207,1855,Parkway Parade Shopping Mall,Recorded on 20221205 by Kenneth. Postal code: 440074. Zylia may not have cut properly.,3,11,15,2,48,28,1,42,20,31,56,14,13,38,27,9,19,0,9,19,0,REC050,S0025,Parkway Parade Shopping Mall,Parkway Parade Shopping Centre,67.88,67.34,67.61838752,64.22,65.46,64.8,65.14253,61.84,6.27109,67.69544036,4.191008,64.1893491,https://youtu.be/5LJmlCw_txk,NIL,https://researchdata.ntu.edu.sg/api/access/datafile/111177?gbrecs=true,https://researchdata.ntu.edu.sg/api/access/datafile/110517?gbrecs=true,https://researchdata.ntu.edu.sg/api/access/datafile/111175?gbrecs=true,NIL,NIL,https://researchdata.ntu.edu.sg/api/access/datafile/111189?gbrecs=true,https://youtu.be/wXtvEtq7n-A,https://researchdata.ntu.edu.sg/api/access/datafile/111060?gbrecs=true,https://researchdata.ntu.edu.sg/api/access/datafile/111344?gbrecs=true,https://researchdata.ntu.edu.sg/api/access/datafile/110226?gbrecs=true,https://researchdata.ntu.edu.sg/api/access/datafile/110244?gbrecs=true,https://researchdata.ntu.edu.sg/api/access/datafile/110274?gbrecs=true,https://researchdata.ntu.edu.sg/api/access/datafile/110319?gbrecs=true,1,1,1,1
44,C&T,15,1.45139051,103.840541,NIL,1.462196,103.836771,20221212,1131,Sembawang Park,Recorded on 20221212 by Jessie & Hao Weng. 1-min excerpt has children playing.,2,37,7,2,59,8,2,53,4,28,20,10,28,20,10,26,24,0,26,24,0,REC052,S0026,Sembawang Park,Sembawang Park,57.16,54.87,56.16422048,52.94,62.45,59.17,61.11256,57.38,6.453413,56.15376502,4.362316,52.96647989,https://youtu.be/wfZP_CXCRaI,NIL,https://researchdata.ntu.edu.sg/api/access/datafile/111197?gbrecs=true,https://researchdata.ntu.edu.sg/api/access/datafile/110460?gbrecs=true,https://researchdata.ntu.edu.sg/api/access/datafile/111193?gbrecs=true,NIL,NIL,https://researchdata.ntu.edu.sg/api/access/datafile/111198?gbrecs=true,https://youtu.be/BWq6SnZjxNk,https://researchdata.ntu.edu.sg/api/access/datafile/111093?gbrecs=true,https://researchdata.ntu.edu.sg/api/access/datafile/111316?gbrecs=true,https://researchdata.ntu.edu.sg/api/access/datafile/110338?gbrecs=true,https://researchdata.ntu.edu.sg/api/access/datafile/110365?gbrecs=true,https://researchdata.ntu.edu.sg/api/access/datafile/110367?gbrecs=true,https://researchdata.ntu.edu.sg/api/access/datafile/110223?gbrecs=true,1,1,1,1
22,C&R,7,1.429664842,103.834168,NIL,1.429337,103.834189,20221212,1321,S-11 Yishun 744 Hawker Centre,Recorded on 20221212 by Jessie & Hao Weng,1,42,18,1,6,19,1,3,12,28,24,13,23,52,7,4,32,0,4,32,0,REC053,S0027,S-11 Yishun 744 Hawker Centre,S-11 Yishun 744 Hawker Centre,65.05,63.53,64.356162,61.5,66,67.21,66.647,63.26,5.706199,64.42022633,4.06459,61.52421042,https://youtu.be/I7iSE_LJuD4,NIL,https://researchdata.ntu.edu.sg/api/access/datafile/111187?gbrecs=true,https://researchdata.ntu.edu.sg/api/access/datafile/110475?gbrecs=true,https://researchdata.ntu.edu.sg/api/access/datafile/111184?gbrecs=true,NIL,NIL,https://researchdata.ntu.edu.sg/api/access/datafile/111181?gbrecs=true,https://youtu.be/Gk_9U3hPPbk,https://researchdata.ntu.edu.sg/api/access/datafile/111105?gbrecs=true,https://researchdata.ntu.edu.sg/api/access/datafile/111311?gbrecs=true,https://researchdata.ntu.edu.sg/api/access/datafile/110330?gbrecs=true,https://researchdata.ntu.edu.sg/api/access/datafile/110304?gbrecs=true,https://researchdata.ntu.edu.sg/api/access/datafile/110255?gbrecs=true,https://researchdata.ntu.edu.sg/api/access/datafile/110237?gbrecs=true,1,1,1,1
35,C&T,6,1.404355599,103.8036195,Any time,1.397272,103.802971,20221212,1615,Upper Seletar Resevoir,Recorded on 20221212 by Jessie & Hao Weng,1,55,5,1,15,18,1,45,22,27,26,1,23,43,7,5,15,0,5,15,0,REC056,S0028,Upper Seletar Resevoir,Upper Seletar Resevoir,53.87,52.92,53.42092441,51.76,55.16,55.46,55.31259,53.76,8.739882,53.34875173,7.147286,51.79569466,https://youtu.be/m4_cK8tyuPs,NIL,https://researchdata.ntu.edu.sg/api/access/datafile/111183?gbrecs=true,https://researchdata.ntu.edu.sg/api/access/datafile/110510?gbrecs=true,https://researchdata.ntu.edu.sg/api/access/datafile/111164?gbrecs=true,NIL,NIL,https://researchdata.ntu.edu.sg/api/access/datafile/111174?gbrecs=true,https://youtu.be/lqhIaWs57fw,https://researchdata.ntu.edu.sg/api/access/datafile/111077?gbrecs=true,https://researchdata.ntu.edu.sg/api/access/datafile/111348?gbrecs=true,https://researchdata.ntu.edu.sg/api/access/datafile/110192?gbrecs=true,https://researchdata.ntu.edu.sg/api/access/datafile/110229?gbrecs=true,https://researchdata.ntu.edu.sg/api/access/datafile/110153?gbrecs=true,https://researchdata.ntu.edu.sg/api/access/datafile/110342?gbrecs=true,1,1,1,1
43,C&T,14,1.320559055,103.8162867,Morning,1.320611,103.816090,20221220,0912,Botanic Gardens Eco Lake,"Recorded on 20221220 by Jessie, Hao Weng & Kenneth. 1-min excerpt has aunties exercising",2,58,11,2,39,27,2,45,7,29,46,11,22,19,1,0,37,0,0,37,0,REC057,S0029,Botanic Gardens Eco Lake,Botanic Gardens Eco Lake,56.85,55.45,56.20617075,52.79,59.84,59.52,59.68295,55.98,4.668285,56.17662409,3.093599,52.81216773,https://youtu.be/vFsPUWBGAwU,NIL,https://researchdata.ntu.edu.sg/api/access/datafile/111179?gbrecs=true,https://researchdata.ntu.edu.sg/api/access/datafile/110487?gbrecs=true,https://researchdata.ntu.edu.sg/api/access/datafile/111195?gbrecs=true,NIL,NIL,https://researchdata.ntu.edu.sg/api/access/datafile/111185?gbrecs=true,https://youtu.be/mFi9QBXmy7Q,https://researchdata.ntu.edu.sg/api/access/datafile/111065?gbrecs=true,https://researchdata.ntu.edu.sg/api/access/datafile/111309?gbrecs=true,https://researchdata.ntu.edu.sg/api/access/datafile/110351?gbrecs=true,https://researchdata.ntu.edu.sg/api/access/datafile/110378?gbrecs=true,https://researchdata.ntu.edu.sg/api/access/datafile/110158?gbrecs=true,https://researchdata.ntu.edu.sg/api/access/datafile/110310?gbrecs=true,1,1,1,1
46,B&L,2,1.305542629,103.8222091,Weekday afternoons,1.306068,103.816902,20221220,1039,Napier Road,"Recorded on 20221220 by Jessie, Hao Weng & Kenneth",2,55,19,2,53,14,2,45,19,34,24,29,22,3,5,6,43,0,6,43,0,REC058,S0030,Napier Road,Napier Road,64.86,65.11,64.98679865,61.77,67.51,65.87,66.76696,63.28,5.768131,65.05201161,3.982861,61.8595561,https://youtu.be/6oPo8lPEyJk,NIL,https://researchdata.ntu.edu.sg/api/access/datafile/111169?gbrecs=true,https://researchdata.ntu.edu.sg/api/access/datafile/110476?gbrecs=true,https://researchdata.ntu.edu.sg/api/access/datafile/111176?gbrecs=true,NIL,NIL,https://researchdata.ntu.edu.sg/api/access/datafile/111172?gbrecs=true,https://youtu.be/6pRhpXTXLXE,https://researchdata.ntu.edu.sg/api/access/datafile/111071?gbrecs=true,https://researchdata.ntu.edu.sg/api/access/datafile/111325?gbrecs=true,https://researchdata.ntu.edu.sg/api/access/datafile/110309?gbrecs=true,https://researchdata.ntu.edu.sg/api/access/datafile/110194?gbrecs=true,https://researchdata.ntu.edu.sg/api/access/datafile/110300?gbrecs=true,https://researchdata.ntu.edu.sg/api/access/datafile/110341?gbrecs=true,1,1,1,1
12,F&E,12,1.311034361,103.7943141,NIL,1.311237,103.795134,20221220,1201,Holland Village Market & Food Centre,"Recorded on 20221220 by Jessie, Hao Weng & Kenneth",3,26,0,3,22,18,3,30,25,30,1,23,21,33,12,5,54,0,5,54,0,REC059,S0031,Holland Village Market & Food Centre (Main entrance),Holland Village Market & Food Centre [F&E],68.85,68.53,68.69294664,66.16,67.77,67.47,67.62259,64.87,5.823239,68.76955817,4.350281,66.24731414,https://youtu.be/x8cIDqrwVwI,NIL,https://researchdata.ntu.edu.sg/api/access/datafile/111186?gbrecs=true,https://researchdata.ntu.edu.sg/api/access/datafile/110490?gbrecs=true,https://researchdata.ntu.edu.sg/api/access/datafile/111194?gbrecs=true,NIL,NIL,https://researchdata.ntu.edu.sg/api/access/datafile/111192?gbrecs=true,https://youtu.be/bZiDoPMSk8Q,https://researchdata.ntu.edu.sg/api/access/datafile/111066?gbrecs=true,https://researchdata.ntu.edu.sg/api/access/datafile/111329?gbrecs=true,https://researchdata.ntu.edu.sg/api/access/datafile/110193?gbrecs=true,https://researchdata.ntu.edu.sg/api/access/datafile/110298?gbrecs=true,https://researchdata.ntu.edu.sg/api/access/datafile/110356?gbrecs=true,https://researchdata.ntu.edu.sg/api/access/datafile/110218?gbrecs=true,1,1,1,1
10,F&E,10,1.343433486,103.6351438,NIL,1.342688,103.634945,20221220,1331,Raffles Marina,"Recorded on 20221220 by Jessie, Hao Weng & Kenneth",2,14,14,2,28,19,2,20,22,31,8,8,22,30,9,19,4,0,19,4,0,REC060,S0032,Raffles Marina,Raffles Marina,57.56,60.22,59.09054629,56.54,57.17,59.93,58.76566,56.26,5.694212,59.07972996,4.24528,56.60298906,https://youtu.be/XurCYP3FtTE,NIL,https://researchdata.ntu.edu.sg/api/access/datafile/111219?gbrecs=true,https://researchdata.ntu.edu.sg/api/access/datafile/110477?gbrecs=true,https://researchdata.ntu.edu.sg/api/access/datafile/111222?gbrecs=true,NIL,NIL,https://researchdata.ntu.edu.sg/api/access/datafile/111212?gbrecs=true,https://youtu.be/0hNJU8dmS2c,https://researchdata.ntu.edu.sg/api/access/datafile/111062?gbrecs=true,https://researchdata.ntu.edu.sg/api/access/datafile/111302?gbrecs=true,https://researchdata.ntu.edu.sg/api/access/datafile/110358?gbrecs=true,https://researchdata.ntu.edu.sg/api/access/datafile/110335?gbrecs=true,https://researchdata.ntu.edu.sg/api/access/datafile/110209?gbrecs=true,https://researchdata.ntu.edu.sg/api/access/datafile/110172?gbrecs=true,1,1,1,1
33,C&T,4,1.3444365,103.6339522,NIL,1.344109,103.633988,20221220,1442,Johor Straits Lighthouse,"Recorded on 20221220 by Jessie, Hao Weng & Kenneth. R channel for SQobold raw recording has 2 impulses @ 6m6.5s-6m8.5s and 15m30s-15m31.5s",15,31,22,15,40,9,15,32,0,24,29,12,9,18,21,4,2,0,4,2,0,REC061,S0033,Johor Straits Lighthouse,Johor Straits Lighthouse,50.27,51.49,50.92269947,49.58,48.14,51.15,49.90071,47.81,7.882405,50.90933851,6.545889,49.54530177,https://youtu.be/KfrL2Kvxuns,NIL,https://researchdata.ntu.edu.sg/api/access/datafile/111207?gbrecs=true,https://researchdata.ntu.edu.sg/api/access/datafile/110506?gbrecs=true,https://researchdata.ntu.edu.sg/api/access/datafile/111209?gbrecs=true,NIL,NIL,https://researchdata.ntu.edu.sg/api/access/datafile/111204?gbrecs=true,https://youtu.be/RCbKd-jWD-Q,https://researchdata.ntu.edu.sg/api/access/datafile/111063?gbrecs=true,https://researchdata.ntu.edu.sg/api/access/datafile/111296?gbrecs=true,https://researchdata.ntu.edu.sg/api/access/datafile/110204?gbrecs=true,https://researchdata.ntu.edu.sg/api/access/datafile/110326?gbrecs=true,https://researchdata.ntu.edu.sg/api/access/datafile/110287?gbrecs=true,https://researchdata.ntu.edu.sg/api/access/datafile/110191?gbrecs=true,1,1,1,1
7,F&E,7,1.3367679,103.6941672,NIL,1.337139,103.693877,20221220,1701,Jurong West Sports Hall/Jurong West Street 93,"Recorded on 20221220 by Jessie, Hao Weng & Kenneth. 1-min excerpt has rain + sports car",3,23,6,2,29,4,1,52,1,29,9,23,22,29,23,22,42,0,22,42,0,REC062,S0034,Jurong West Street 93,Jurong West Street 93,74.5,72.11,73.46737379,70.81,80.32,77.53,79.14529,76.79,5.956241,73.51887604,4.386353,70.88871394,https://youtu.be/gb2DliHYpZQ,NIL,https://researchdata.ntu.edu.sg/api/access/datafile/111218?gbrecs=true,https://researchdata.ntu.edu.sg/api/access/datafile/110484?gbrecs=true,https://researchdata.ntu.edu.sg/api/access/datafile/111203?gbrecs=true,NIL,NIL,https://researchdata.ntu.edu.sg/api/access/datafile/111205?gbrecs=true,https://youtu.be/7Tfik1aEBuI,https://researchdata.ntu.edu.sg/api/access/datafile/111092?gbrecs=true,https://researchdata.ntu.edu.sg/api/access/datafile/111308?gbrecs=true,https://researchdata.ntu.edu.sg/api/access/datafile/110228?gbrecs=true,https://researchdata.ntu.edu.sg/api/access/datafile/110312?gbrecs=true,https://researchdata.ntu.edu.sg/api/access/datafile/110267?gbrecs=true,https://researchdata.ntu.edu.sg/api/access/datafile/110385?gbrecs=true,1,1,1,1
37,C&T,8,1.408367898,103.9072628,NIL,1.411475,103.902547,20221221,1052,Punggol Waterway Park,Recorded on 20221221 by Jessie & Hao Weng,2,56,29,2,50,7,2,47,25,28,41,5,22,8,21,0,53,0,0,53,0,REC063,S0035,Punggol Waterway Park,Punggol Waterway Park,54,54.38,54.19415484,50.63,55.6,56.72,56.196,51.94,4.865945,54.12850082,3.124669,50.64487852,https://youtu.be/e2iEJHBgO34,NIL,https://researchdata.ntu.edu.sg/api/access/datafile/111220?gbrecs=true,https://researchdata.ntu.edu.sg/api/access/datafile/110516?gbrecs=true,https://researchdata.ntu.edu.sg/api/access/datafile/111221?gbrecs=true,NIL,NIL,https://researchdata.ntu.edu.sg/api/access/datafile/111217?gbrecs=true,https://youtu.be/PRVl9MYWc9c,https://researchdata.ntu.edu.sg/api/access/datafile/111090?gbrecs=true,https://researchdata.ntu.edu.sg/api/access/datafile/111314?gbrecs=true,https://researchdata.ntu.edu.sg/api/access/datafile/110168?gbrecs=true,https://researchdata.ntu.edu.sg/api/access/datafile/110271?gbrecs=true,https://researchdata.ntu.edu.sg/api/access/datafile/110154?gbrecs=true,https://researchdata.ntu.edu.sg/api/access/datafile/110249?gbrecs=true,1,1,1,1
13,F&E,13,1.392070753,103.8956615,NIL,1.392516,103.895626,20221221,1225,Compass One Shopping Mall,Recorded on 20221221 by Jessie & Hao Weng,1,13,12,2,29,2,2,36,17,32,26,4,32,26,4,10,25,0,10,25,0,REC064,S0036,Compass One Shopping Mall,Compass One Shopping Mall,69.64,69.98,69.81332639,67.34,68.93,70.47,69.76791,67.27,5.906052,69.88587993,4.442536,67.43497541,https://youtu.be/6bsW68KpdCo,NIL,https://researchdata.ntu.edu.sg/api/access/datafile/111224?gbrecs=true,https://researchdata.ntu.edu.sg/api/access/datafile/110483?gbrecs=true,https://researchdata.ntu.edu.sg/api/access/datafile/111210?gbrecs=true,NIL,NIL,https://researchdata.ntu.edu.sg/api/access/datafile/111213?gbrecs=true,https://youtu.be/Kg-AtRZHxv8,https://researchdata.ntu.edu.sg/api/access/datafile/111068?gbrecs=true,https://researchdata.ntu.edu.sg/api/access/datafile/111322?gbrecs=true,https://researchdata.ntu.edu.sg/api/access/datafile/110252?gbrecs=true,https://researchdata.ntu.edu.sg/api/access/datafile/110375?gbrecs=true,https://researchdata.ntu.edu.sg/api/access/datafile/110196?gbrecs=true,https://researchdata.ntu.edu.sg/api/access/datafile/110184?gbrecs=true,1,1,1,1
29,C&R,14,1.391455032,103.8955306,NIL,1.391887,103.896710,20221221,1316,Sengkang Bus Interchange,Recorded on 20221221 by Jessie & Hao Weng,2,14,1,2,11,4,2,14,22,27,45,2,27,45,2,21,19,0,21,19,0,REC065,S0037,Sengkang Bus Interchange,Sengkang Bus Interchange,67.66,66.78,67.242251,64.09,73.38,70.7,72.24353,68.88,5.940806,67.30273056,4.13269,64.18084819,https://youtu.be/7KCWAXrXoIw,NIL,https://researchdata.ntu.edu.sg/api/access/datafile/111214?gbrecs=true,https://researchdata.ntu.edu.sg/api/access/datafile/110514?gbrecs=true,https://researchdata.ntu.edu.sg/api/access/datafile/111211?gbrecs=true,NIL,NIL,https://researchdata.ntu.edu.sg/api/access/datafile/111206?gbrecs=true,https://youtu.be/1eDmTY9omak,https://researchdata.ntu.edu.sg/api/access/datafile/111109?gbrecs=true,https://researchdata.ntu.edu.sg/api/access/datafile/111305?gbrecs=true,https://researchdata.ntu.edu.sg/api/access/datafile/110213?gbrecs=true,https://researchdata.ntu.edu.sg/api/access/datafile/110353?gbrecs=true,https://researchdata.ntu.edu.sg/api/access/datafile/110219?gbrecs=true,https://researchdata.ntu.edu.sg/api/access/datafile/110273?gbrecs=true,1,1,1,1
50,B&L,6,1.399313682,103.8852278,NIL,1.399461,103.883968,20221221,1437,Sengkang Riverside Park,Recorded on 20221221 by Jessie & Hao Weng,1,42,17,1,37,2,2,8,4,27,20,16,27,20,16,20,58,0,20,58,0,REC066,S0038,Sengkang Riverside Park,Sengkang Riverside Park,57,55.14,56.16882345,53.73,58.39,55.25,57.09781,54.09,7.977718,56.15276831,5.910887,53.68264623,https://youtu.be/GRCwuf351Ls,NIL,https://researchdata.ntu.edu.sg/api/access/datafile/111223?gbrecs=true,https://researchdata.ntu.edu.sg/api/access/datafile/110465?gbrecs=true,https://researchdata.ntu.edu.sg/api/access/datafile/111202?gbrecs=true,NIL,NIL,https://researchdata.ntu.edu.sg/api/access/datafile/111216?gbrecs=true,https://youtu.be/S4o4Cgi_kss,https://researchdata.ntu.edu.sg/api/access/datafile/111072?gbrecs=true,https://researchdata.ntu.edu.sg/api/access/datafile/111321?gbrecs=true,https://researchdata.ntu.edu.sg/api/access/datafile/110276?gbrecs=true,https://researchdata.ntu.edu.sg/api/access/datafile/110379?gbrecs=true,https://researchdata.ntu.edu.sg/api/access/datafile/110303?gbrecs=true,https://researchdata.ntu.edu.sg/api/access/datafile/110261?gbrecs=true,1,1,1,1
47,B&L,3,1.358085773,103.8887448,NIL,1.357766,103.888986,20221221,1600,Hougang Block 236,Recorded on 20221221 by Jessie & Hao Weng,1,35,15,1,28,19,1,23,27,28,23,18,13,12,7,0,38,0,0,38,0,REC067,S0039,Hougang Block 236,Hougang Block 236,55.28,55.35,55.31514103,52.66,57.69,57.69,57.69,55.23,5.28238,55.22031071,3.845026,52.62950641,https://youtu.be/JodTgtQck_I,NIL,https://researchdata.ntu.edu.sg/api/access/datafile/111215?gbrecs=true,https://researchdata.ntu.edu.sg/api/access/datafile/110471?gbrecs=true,https://researchdata.ntu.edu.sg/api/access/datafile/111225?gbrecs=true,NIL,NIL,https://researchdata.ntu.edu.sg/api/access/datafile/111208?gbrecs=true,https://youtu.be/zbrc7jcd1WM,https://researchdata.ntu.edu.sg/api/access/datafile/111100?gbrecs=true,https://researchdata.ntu.edu.sg/api/access/datafile/111352?gbrecs=true,https://researchdata.ntu.edu.sg/api/access/datafile/110253?gbrecs=true,https://researchdata.ntu.edu.sg/api/access/datafile/110173?gbrecs=true,https://researchdata.ntu.edu.sg/api/access/datafile/110331?gbrecs=true,https://researchdata.ntu.edu.sg/api/access/datafile/110207?gbrecs=true,1,1,1,1
51,B&L,7,1.407594732,103.7576143,NIL,1.407660,103.757744,20221222,1022,Mandai Estate,Recorded on 20221222 by Jessie & Hao Weng,1,1,10,1,23,9,1,20,17,28,54,8,28,54,8,6,21,0,6,21,0,REC068,S0040,Mandai Estate,Mandai Estate,69.91,71.4,70.71858866,67.29,72.72,75.02,74.02051,70.66,5.956431,70.77646234,4.013809,67.37977182,https://youtu.be/tj2y6f0T5UU,NIL,https://researchdata.ntu.edu.sg/api/access/datafile/111233?gbrecs=true,https://researchdata.ntu.edu.sg/api/access/datafile/110464?gbrecs=true,https://researchdata.ntu.edu.sg/api/access/datafile/111245?gbrecs=true,NIL,NIL,https://researchdata.ntu.edu.sg/api/access/datafile/111241?gbrecs=true,https://youtu.be/z6YuOvP8zQE,https://researchdata.ntu.edu.sg/api/access/datafile/111061?gbrecs=true,https://researchdata.ntu.edu.sg/api/access/datafile/111337?gbrecs=true,https://researchdata.ntu.edu.sg/api/access/datafile/110314?gbrecs=true,https://researchdata.ntu.edu.sg/api/access/datafile/110296?gbrecs=true,https://researchdata.ntu.edu.sg/api/access/datafile/110186?gbrecs=true,https://researchdata.ntu.edu.sg/api/access/datafile/110388?gbrecs=true,1,1,1,1
1,F&E,1,1.404012379,103.7934915,NIL,1.404775,103.790638,20221222,1159,Singapore Zoo (Ah Meng Restaurant),Recorded on 20221222 by Jessie & Hao Weng,1,41,9,2,32,10,2,23,23,30,23,7,30,23,7,23,47,0,23,47,0,REC069,S0041,Singapore Zoo (Inuka Cafe),Singapore Zoo (Ah Meng Restaurant),74.79,74.42,74.60893911,72.02,76.55,76.14,76.34984,73.73,6.639422,74.66993217,4.928143,72.10870831,https://youtu.be/1UDIybLh1MM,https://researchdata.ntu.edu.sg/api/access/datafile/109000?gbrecs=true,https://researchdata.ntu.edu.sg/api/access/datafile/108999?gbrecs=true,https://researchdata.ntu.edu.sg/api/access/datafile/109001?gbrecs=true,https://researchdata.ntu.edu.sg/api/access/datafile/108998?gbrecs=true,https://researchdata.ntu.edu.sg/api/access/datafile/109002?gbrecs=true,https://researchdata.ntu.edu.sg/api/access/datafile/108997?gbrecs=true,https://researchdata.ntu.edu.sg/api/access/datafile/108996?gbrecs=true,https://youtu.be/ZToKcxgITcA,https://researchdata.ntu.edu.sg/api/access/datafile/111108?gbrecs=true,https://researchdata.ntu.edu.sg/api/access/datafile/111354?gbrecs=true,https://researchdata.ntu.edu.sg/api/access/datafile/110251?gbrecs=true,https://researchdata.ntu.edu.sg/api/access/datafile/110286?gbrecs=true,https://researchdata.ntu.edu.sg/api/access/datafile/110190?gbrecs=true,https://researchdata.ntu.edu.sg/api/access/datafile/110170?gbrecs=true,1,1,1,1
28,C&R,13,1.379686712,103.7606068,NIL,1.379660,103.760721,20221222,1313,Intersection of Woodlands Road & Choa Chu Kang Road,Recorded on 20221222 by Jessie & Hao Weng,1,24,4,1,18,26,1,23,16,29,59,23,23,40,0,28,42,0,28,42,0,REC070,S0042,Intersection of Woodlands Road & Choa Chu Kang Road,Intersection of Woodlands Road & Choa Chu Kang Road,73.58,73.44,73.51056411,70.62,77.89,77.26,77.58641,75.02,6.255146,73.56650245,4.484451,70.70356716,https://youtu.be/o9vxcPOsixA,NIL,https://researchdata.ntu.edu.sg/api/access/datafile/111253?gbrecs=true,https://researchdata.ntu.edu.sg/api/access/datafile/110512?gbrecs=true,https://researchdata.ntu.edu.sg/api/access/datafile/111244?gbrecs=true,NIL,NIL,https://researchdata.ntu.edu.sg/api/access/datafile/111240?gbrecs=true,https://youtu.be/sYzV4dL2wWY,https://researchdata.ntu.edu.sg/api/access/datafile/111054?gbrecs=true,https://researchdata.ntu.edu.sg/api/access/datafile/111334?gbrecs=true,https://researchdata.ntu.edu.sg/api/access/datafile/110232?gbrecs=true,https://researchdata.ntu.edu.sg/api/access/datafile/110247?gbrecs=true,https://researchdata.ntu.edu.sg/api/access/datafile/110332?gbrecs=true,https://researchdata.ntu.edu.sg/api/access/datafile/110328?gbrecs=true,1,1,1,1
57,B&L,13,1.336814235,103.7931607,NIL,1.336898,103.793471,20221222,1440,The Grandstand Shopping Mall,Recorded on 20221222 by Jessie & Hao Weng,1,17,12,1,53,27,2,8,10,29,52,7,29,52,7,23,4,0,23,4,0,REC071,S0043,The Grandstand Shopping Mall,The Grandstand Shopping Mall,64.34,63.97,64.15893911,61.77,68.32,68.87,68.6037,65.66,5.78791,64.19009004,4.396174,61.84268051,https://youtu.be/1n6kXMJTeTA,NIL,https://researchdata.ntu.edu.sg/api/access/datafile/111242?gbrecs=true,https://researchdata.ntu.edu.sg/api/access/datafile/110485?gbrecs=true,https://researchdata.ntu.edu.sg/api/access/datafile/111235?gbrecs=true,NIL,NIL,https://researchdata.ntu.edu.sg/api/access/datafile/111239?gbrecs=true,https://youtu.be/qX6DEzL0qQg,https://researchdata.ntu.edu.sg/api/access/datafile/111085?gbrecs=true,https://researchdata.ntu.edu.sg/api/access/datafile/111342?gbrecs=true,https://researchdata.ntu.edu.sg/api/access/datafile/110163?gbrecs=true,https://researchdata.ntu.edu.sg/api/access/datafile/110202?gbrecs=true,https://researchdata.ntu.edu.sg/api/access/datafile/110195?gbrecs=true,https://researchdata.ntu.edu.sg/api/access/datafile/110323?gbrecs=true,1,1,1,1
24,C&R,9,1.310991457,103.7947432,Especially weekends when more people gather,1.312114,103.794243,20221222,1559,Holland Village Market & Food Centre,Recorded on 20221222 by Jessie & Hao Weng. 1-min video has person reading notice in both halves (not affecting audio).,1,14,0,1,6,25,1,4,13,30,3,18,23,52,1,17,19,0,17,19,0,REC072,S0044,Holland Village Market & Food Centre (Lorong Mambong),Holland Village Market & Food Centre [C&R],69.41,70.43,69.94987655,66.83,70.49,72.56,71.64718,69.88,5.847596,69.99658177,4.083039,66.90319056,https://youtu.be/mTy1NPcUGGU,NIL,https://researchdata.ntu.edu.sg/api/access/datafile/111226?gbrecs=true,https://researchdata.ntu.edu.sg/api/access/datafile/110503?gbrecs=true,https://researchdata.ntu.edu.sg/api/access/datafile/111251?gbrecs=true,NIL,NIL,https://researchdata.ntu.edu.sg/api/access/datafile/111254?gbrecs=true,https://youtu.be/HWJr09vTaEc,https://researchdata.ntu.edu.sg/api/access/datafile/111098?gbrecs=true,https://researchdata.ntu.edu.sg/api/access/datafile/111301?gbrecs=true,https://researchdata.ntu.edu.sg/api/access/datafile/110381?gbrecs=true,https://researchdata.ntu.edu.sg/api/access/datafile/110210?gbrecs=true,https://researchdata.ntu.edu.sg/api/access/datafile/110299?gbrecs=true,https://researchdata.ntu.edu.sg/api/access/datafile/110179?gbrecs=true,1,1,1,1
5,F&E,5,1.263173177,103.8228356,NIL,1.2630914,103.8226696,20221224,1322,VivoCity (Shopping Mall)/Sentosa Gateway,Recorded on 20221224 by Kenneth,2,44,13,3,4,3,2,50,26,30,0,5,30,0,5,11,28,0,11,28,0,REC073,S0045,VivoCity (Shopping Mall),VivoCity (Shopping Mall),61.02,59.03,60.13799743,57.49,65.77,62.51,64.43896,61.71,6.371498,60.09905121,4.697229,57.51362591,https://youtu.be/ALLK-iVxQ4M,NIL,https://researchdata.ntu.edu.sg/api/access/datafile/111248?gbrecs=true,https://researchdata.ntu.edu.sg/api/access/datafile/110518?gbrecs=true,https://researchdata.ntu.edu.sg/api/access/datafile/111229?gbrecs=true,NIL,NIL,https://researchdata.ntu.edu.sg/api/access/datafile/111237?gbrecs=true,https://youtu.be/nRS28HiCCss,https://researchdata.ntu.edu.sg/api/access/datafile/111086?gbrecs=true,https://researchdata.ntu.edu.sg/api/access/datafile/111356?gbrecs=true,https://researchdata.ntu.edu.sg/api/access/datafile/110324?gbrecs=true,https://researchdata.ntu.edu.sg/api/access/datafile/110370?gbrecs=true,https://researchdata.ntu.edu.sg/api/access/datafile/110254?gbrecs=true,https://researchdata.ntu.edu.sg/api/access/datafile/110390?gbrecs=true,1,1,1,1
18,C&R,3,1.350930707,103.8480879,Peak hours for public transport,1.3507496,103.8479319,20221226,0959,Bishan MRT Station,Recorded on 20221226 by Kenneth,2,58,11,2,47,6,1,51,0,28,54,7,28,54,7,15,51,0,15,51,0,REC075,S0046,Bishan MRT Station,Bishan MRT Station,74.88,72.22,73.75054629,70.92,76.72,73.89,75.53155,72.78,6.306324,73.76989088,4.563075,70.95912206,https://youtu.be/rj0w-3tT3dk,NIL,https://researchdata.ntu.edu.sg/api/access/datafile/111228?gbrecs=true,https://researchdata.ntu.edu.sg/api/access/datafile/110502?gbrecs=true,https://researchdata.ntu.edu.sg/api/access/datafile/111231?gbrecs=true,NIL,NIL,https://researchdata.ntu.edu.sg/api/access/datafile/111249?gbrecs=true,https://youtu.be/-j9ISKoCsqk,https://researchdata.ntu.edu.sg/api/access/datafile/111059?gbrecs=true,https://researchdata.ntu.edu.sg/api/access/datafile/111332?gbrecs=true,https://researchdata.ntu.edu.sg/api/access/datafile/110176?gbrecs=true,https://researchdata.ntu.edu.sg/api/access/datafile/110360?gbrecs=true,https://researchdata.ntu.edu.sg/api/access/datafile/110166?gbrecs=true,https://researchdata.ntu.edu.sg/api/access/datafile/110371?gbrecs=true,1,1,1,1
6,F&E,6,1.350677442,103.8494603,Lunchtime,1.3504640,103.8491000,20221226,1113,Junction 8 Shopping Mall,Recorded on 20221226 by Kenneth,2,48,7,2,32,19,3,9,16,32,11,29,22,26,9,19,49,0,19,49,0,REC076,S0047,Junction 8 Shopping Mall,Junction 8 Shopping Mall,71.19,71.38,71.28603896,68.71,69.67,71.53,70.69882,68.11,5.814901,71.28770917,4.328763,68.73339512,https://youtu.be/YW3vXDf95FU,NIL,https://researchdata.ntu.edu.sg/api/access/datafile/111246?gbrecs=true,https://researchdata.ntu.edu.sg/api/access/datafile/110495?gbrecs=true,https://researchdata.ntu.edu.sg/api/access/datafile/111234?gbrecs=true,NIL,NIL,https://researchdata.ntu.edu.sg/api/access/datafile/111227?gbrecs=true,https://youtu.be/Aavt1fEEHlw,https://researchdata.ntu.edu.sg/api/access/datafile/111076?gbrecs=true,https://researchdata.ntu.edu.sg/api/access/datafile/111318?gbrecs=true,https://researchdata.ntu.edu.sg/api/access/datafile/110284?gbrecs=true,https://researchdata.ntu.edu.sg/api/access/datafile/110269?gbrecs=true,https://researchdata.ntu.edu.sg/api/access/datafile/110355?gbrecs=true,https://researchdata.ntu.edu.sg/api/access/datafile/110231?gbrecs=true,1,1,1,1
52,B&L,8,1.287693895,103.8514652,NIL,1.2869643,103.8511803,20221226,1303,Asian Civilisations Museum,Recorded on 20221226 by Kenneth. Has bells from Victoria Concert Hall at 1311 and 1326 (about 8 and 23 min into recordings),2,57,29,2,34,11,2,25,29,31,14,12,31,14,12,1,33,0,1,33,0,REC077,S0048,Asian Civilisations Museum,Asian Civilisations Museum [fine],59.71,60.08,59.89893911,57.44,60.78,63.36,62.25883,59.2,6.884764,59.89528841,5.121365,57.38690212,https://youtu.be/UdU4QPc6B28,NIL,https://researchdata.ntu.edu.sg/api/access/datafile/111255?gbrecs=true,https://researchdata.ntu.edu.sg/api/access/datafile/110498?gbrecs=true,https://researchdata.ntu.edu.sg/api/access/datafile/111230?gbrecs=true,NIL,NIL,https://researchdata.ntu.edu.sg/api/access/datafile/111252?gbrecs=true,https://youtu.be/DAuxF1xTU_w,https://researchdata.ntu.edu.sg/api/access/datafile/111102?gbrecs=true,https://researchdata.ntu.edu.sg/api/access/datafile/111331?gbrecs=true,https://researchdata.ntu.edu.sg/api/access/datafile/110321?gbrecs=true,https://researchdata.ntu.edu.sg/api/access/datafile/110225?gbrecs=true,https://researchdata.ntu.edu.sg/api/access/datafile/110211?gbrecs=true,https://researchdata.ntu.edu.sg/api/access/datafile/110389?gbrecs=true,1,1,1,1
30,C&T,1,1.290393318,103.8510017,Most times,1.2903992,103.8522353,20221226,1508,National Gallery Singapore,Recorded on 20221226 by Kenneth,3,15,10,3,35,21,3,28,21,27,38,27,21,23,9,12,43,0,12,43,0,REC079,S0049,National Gallery Singapore,National Gallery Singapore [fine],67.56,71.8,70.17810515,67.92,59.92,63.54,62.09674,59.43,7.201682,70.15234151,5.564095,67.93799258,https://youtu.be/-y_n_XWdgZ8,NIL,https://researchdata.ntu.edu.sg/api/access/datafile/111232?gbrecs=true,https://researchdata.ntu.edu.sg/api/access/datafile/110507?gbrecs=true,https://researchdata.ntu.edu.sg/api/access/datafile/111236?gbrecs=true,NIL,NIL,https://researchdata.ntu.edu.sg/api/access/datafile/111247?gbrecs=true,https://youtu.be/cSnMAC6FMDA,https://researchdata.ntu.edu.sg/api/access/datafile/111078?gbrecs=true,https://researchdata.ntu.edu.sg/api/access/datafile/111303?gbrecs=true,https://researchdata.ntu.edu.sg/api/access/datafile/110283?gbrecs=true,https://researchdata.ntu.edu.sg/api/access/datafile/110171?gbrecs=true,https://researchdata.ntu.edu.sg/api/access/datafile/110345?gbrecs=true,https://researchdata.ntu.edu.sg/api/access/datafile/110313?gbrecs=true,1,1,1,1
58,B&L,14,1.443074739,103.7904874,Morning,1.442480,103.790875,20221227,1035,Woodlands North Plaza,"Recorded on 20221227 by Jessie, Hao Weng & Kenneth",2,8,24,2,2,13,1,59,12,31,31,23,22,56,14,14,16,0,14,16,0,REC080,S0050,Woodlands North Plaza,Woodlands North Plaza,61.57,60.74,61.17479803,58.09,62.98,62.21,62.61204,59.27,5.468467,61.16085341,3.823693,58.12177954,https://youtu.be/HVSnY0QjNPs,NIL,https://researchdata.ntu.edu.sg/api/access/datafile/111243?gbrecs=true,https://researchdata.ntu.edu.sg/api/access/datafile/110462?gbrecs=true,https://researchdata.ntu.edu.sg/api/access/datafile/111238?gbrecs=true,NIL,NIL,https://researchdata.ntu.edu.sg/api/access/datafile/111250?gbrecs=true,https://youtu.be/nuxvAnutpaA,https://researchdata.ntu.edu.sg/api/access/datafile/111103?gbrecs=true,https://researchdata.ntu.edu.sg/api/access/datafile/111320?gbrecs=true,https://researchdata.ntu.edu.sg/api/access/datafile/110206?gbrecs=true,https://researchdata.ntu.edu.sg/api/access/datafile/110214?gbrecs=true,https://researchdata.ntu.edu.sg/api/access/datafile/110145?gbrecs=true,https://researchdata.ntu.edu.sg/api/access/datafile/110311?gbrecs=true,1,1,1,1
41,C&T,12,1.446485425,103.7805025,NIL,1.444251,103.781903,20221227,1153,Admiralty Park,Recorded on 20221227 by Jessie & Hao Weng,2,38,17,1,43,3,1,37,22,29,58,14,23,15,22,10,47,0,10,47,0,REC081,S0051,Admiralty Park,Admiralty Park,52.35,51.97,52.16415484,49.46,52.95,52.55,52.7546,49.98,5.676077,52.11619523,3.992529,49.49531959,https://youtu.be/BOXcT0IUOIk,NIL,https://researchdata.ntu.edu.sg/api/access/datafile/111283?gbrecs=true,https://researchdata.ntu.edu.sg/api/access/datafile/110481?gbrecs=true,https://researchdata.ntu.edu.sg/api/access/datafile/111266?gbrecs=true,NIL,NIL,https://researchdata.ntu.edu.sg/api/access/datafile/111290?gbrecs=true,https://youtu.be/JwNUZh_W0UA,https://researchdata.ntu.edu.sg/api/access/datafile/111079?gbrecs=true,https://researchdata.ntu.edu.sg/api/access/datafile/111304?gbrecs=true,https://researchdata.ntu.edu.sg/api/access/datafile/110246?gbrecs=true,https://researchdata.ntu.edu.sg/api/access/datafile/110270?gbrecs=true,https://researchdata.ntu.edu.sg/api/access/datafile/110256?gbrecs=true,https://researchdata.ntu.edu.sg/api/access/datafile/110185?gbrecs=true,1,1,1,1
11,F&E,11,1.4372217,103.7861714,NIL,1.436908,103.786128,20221227,1507,Woodlands MRT Station,Recorded on 20221227 by Jessie & Hao Weng,1,54,7,1,24,12,1,54,11,29,37,20,23,34,14,13,42,0,13,42,0,REC084,S0052,Woodlands MRT Station,Woodlands MRT Station [fine],70.66,70.63,70.6450259,68.13,72.41,72.64,72.52652,70.02,6.029572,70.62789612,4.527663,68.14977403,https://youtu.be/WG1v8RLDtzo,NIL,https://researchdata.ntu.edu.sg/api/access/datafile/111261?gbrecs=true,https://researchdata.ntu.edu.sg/api/access/datafile/110479?gbrecs=true,https://researchdata.ntu.edu.sg/api/access/datafile/111289?gbrecs=true,NIL,NIL,https://researchdata.ntu.edu.sg/api/access/datafile/111273?gbrecs=true,https://youtu.be/CK6u7Lquh-g,https://researchdata.ntu.edu.sg/api/access/datafile/111110?gbrecs=true,https://researchdata.ntu.edu.sg/api/access/datafile/111323?gbrecs=true,https://researchdata.ntu.edu.sg/api/access/datafile/110305?gbrecs=true,https://researchdata.ntu.edu.sg/api/access/datafile/110361?gbrecs=true,https://researchdata.ntu.edu.sg/api/access/datafile/110368?gbrecs=true,https://researchdata.ntu.edu.sg/api/access/datafile/110212?gbrecs=true,1,1,1,1
42,C&T,13,1.3748367,103.8455383,NIL,1.3745452,103.8416680,20221228,1053,Ang Mo Kio Town Garden West,Recorded on 20221228 by Kenneth,2,0,24,2,12,27,1,31,16,30,40,13,22,33,11,22,15,0,22,15,0,REC085,S0053,Ang Mo Kio Town Garden West,Ang Mo Kio Town Garden West,54.19,52.23,53.31964432,51.42,59.23,55.57,57.77466,55.8,6.002071,53.28061255,4.720929,51.37651413,https://youtu.be/VE560mzNlZc,NIL,https://researchdata.ntu.edu.sg/api/access/datafile/111278?gbrecs=true,https://researchdata.ntu.edu.sg/api/access/datafile/110468?gbrecs=true,https://researchdata.ntu.edu.sg/api/access/datafile/111282?gbrecs=true,NIL,NIL,https://researchdata.ntu.edu.sg/api/access/datafile/111258?gbrecs=true,https://youtu.be/UbnrtCryd4Y,https://researchdata.ntu.edu.sg/api/access/datafile/111082?gbrecs=true,https://researchdata.ntu.edu.sg/api/access/datafile/111319?gbrecs=true,https://researchdata.ntu.edu.sg/api/access/datafile/110224?gbrecs=true,https://researchdata.ntu.edu.sg/api/access/datafile/110164?gbrecs=true,https://researchdata.ntu.edu.sg/api/access/datafile/110174?gbrecs=true,https://researchdata.ntu.edu.sg/api/access/datafile/110239?gbrecs=true,1,1,1,1
53,B&L,9,1.344033838,103.8470656,NIL,1.3445156,103.8473121,20221228,1236,Bishan Harmony Park,"Recorded on 20221228 by Kenneth. 1-min segment chosen by algorithm is after Zylia corrupts so only binaural, SPL, and Insta360 are available",3,23,18,3,37,3,2,48,27,31,14,20,21,24,1,28,7,0,28,7,-1,REC086,S0054,Bishan Harmony Park,Bishan Harmony Park,64.4,66.5,65.57571236,62.29,64.59,67.06,65.99828,62.86,6.713185,65.55493275,4.599008,62.30562018,https://youtu.be/mFIRPcw4IA8,NIL,https://researchdata.ntu.edu.sg/api/access/datafile/111285?gbrecs=true,https://researchdata.ntu.edu.sg/api/access/datafile/110489?gbrecs=true,https://researchdata.ntu.edu.sg/api/access/datafile/111264?gbrecs=true,NIL,NIL,https://researchdata.ntu.edu.sg/api/access/datafile/111287?gbrecs=true,https://youtu.be/_xB5mfusfMA,https://researchdata.ntu.edu.sg/api/access/datafile/111083?gbrecs=true,https://researchdata.ntu.edu.sg/api/access/datafile/111326?gbrecs=true,https://researchdata.ntu.edu.sg/api/access/datafile/110230?gbrecs=true,https://researchdata.ntu.edu.sg/api/access/datafile/110258?gbrecs=true,https://researchdata.ntu.edu.sg/api/access/datafile/110348?gbrecs=true,https://researchdata.ntu.edu.sg/api/access/datafile/110291?gbrecs=true,1,1,1,1
31,C&T,2,1.3548163,103.7762985,"(1) Early morning at 7am, (2) Weekdays, (3) Daytime",1.3531365,103.7774697,20230110,0909,Bukit Timah Hill Summit,Recorded on 20230110 by Kenneth,3,2,5,2,46,28,2,49,11,29,33,9,29,33,9,20,1,0,20,1,0,REC090,S0055,Bukit Timah Hill (Simpang Hut),Bukit Timah Hill Summit [Simpang Hut],53.07,54.67,53.94326975,50.92,53.83,55.39,54.67967,51.46,4.506983,53.92650116,3.070556,50.92697473,https://youtu.be/aAcdK5wLwL0,NIL,https://researchdata.ntu.edu.sg/api/access/datafile/111277?gbrecs=true,https://researchdata.ntu.edu.sg/api/access/datafile/110467?gbrecs=true,https://researchdata.ntu.edu.sg/api/access/datafile/111288?gbrecs=true,NIL,NIL,https://researchdata.ntu.edu.sg/api/access/datafile/111272?gbrecs=true,https://youtu.be/0y4I19IEquQ,https://researchdata.ntu.edu.sg/api/access/datafile/111088?gbrecs=true,https://researchdata.ntu.edu.sg/api/access/datafile/111307?gbrecs=true,https://researchdata.ntu.edu.sg/api/access/datafile/110350?gbrecs=true,https://researchdata.ntu.edu.sg/api/access/datafile/110222?gbrecs=true,https://researchdata.ntu.edu.sg/api/access/datafile/110250?gbrecs=true,https://researchdata.ntu.edu.sg/api/access/datafile/110242?gbrecs=true,1,1,1,1
39,C&T,10,1.334123398,103.727798,Afternoon,1.334721,103.727506,20230110,1518,Jurong Lake Gardens,"Recorded on 20230110 by Jessie, Hao Weng & Kenneth",2,42,19,3,1,29,3,6,12,27,53,28,21,57,1,23,47,0,23,47,0,REC091,S0056,Jurong Lake Gardens,Jurong Lake Gardens [no construction],55.38,56.36,55.89758408,52.78,57.36,55.6,56.56855,53.86,5.550743,55.87698447,3.818174,52.83137099,https://youtu.be/gHNCRCwAy0A,NIL,https://researchdata.ntu.edu.sg/api/access/datafile/111263?gbrecs=true,https://researchdata.ntu.edu.sg/api/access/datafile/110505?gbrecs=true,https://researchdata.ntu.edu.sg/api/access/datafile/111271?gbrecs=true,NIL,NIL,https://researchdata.ntu.edu.sg/api/access/datafile/111284?gbrecs=true,https://youtu.be/HW3Wxmn2OHE,https://researchdata.ntu.edu.sg/api/access/datafile/111107?gbrecs=true,https://researchdata.ntu.edu.sg/api/access/datafile/111306?gbrecs=true,https://researchdata.ntu.edu.sg/api/access/datafile/110352?gbrecs=true,https://researchdata.ntu.edu.sg/api/access/datafile/110377?gbrecs=true,https://researchdata.ntu.edu.sg/api/access/datafile/110208?gbrecs=true,https://researchdata.ntu.edu.sg/api/access/datafile/110374?gbrecs=true,1,1,1,1
20,C&R,5,1.334852761,103.7461658,Weekends and weekday evenings,1.335417,103.744832,20230110,1632,IMM Shopping Mall,"Recorded on 20230110 by Jessie, Hao Weng & Kenneth",2,47,3,1,43,9,1,36,22,28,36,1,23,15,17,11,27,0,11,27,0,REC092,S0057,IMM Shopping Mall,IMM Shopping Mall,65.77,66.8,66.31546386,63.53,68.74,69.97,69.3984,66.39,6.27363,66.29965998,4.554415,63.53663057,https://youtu.be/t9oI3k9e16Y,NIL,https://researchdata.ntu.edu.sg/api/access/datafile/111274?gbrecs=true,https://researchdata.ntu.edu.sg/api/access/datafile/110469?gbrecs=true,https://researchdata.ntu.edu.sg/api/access/datafile/111275?gbrecs=true,NIL,NIL,https://researchdata.ntu.edu.sg/api/access/datafile/111260?gbrecs=true,https://youtu.be/kfkMgqfx0EU,https://researchdata.ntu.edu.sg/api/access/datafile/111053?gbrecs=true,https://researchdata.ntu.edu.sg/api/access/datafile/111341?gbrecs=true,https://researchdata.ntu.edu.sg/api/access/datafile/110290?gbrecs=true,https://researchdata.ntu.edu.sg/api/access/datafile/110198?gbrecs=true,https://researchdata.ntu.edu.sg/api/access/datafile/110150?gbrecs=true,https://researchdata.ntu.edu.sg/api/access/datafile/110200?gbrecs=true,1,1,1,1
54,B&L,10,1.282380986,103.6306377,NIL,1.284397,103.630698,20230110,1808,Tuas South Avenue 7,Recorded on 20230110 by Jessie & Hao Weng,2,29,11,2,46,1,2,49,5,25,4,24,22,12,27,23,52,0,23,52,0,REC093,S0058,Tuas South Avenue 7,Tuas South Avenue 7 [no beam in video],66.82,67.94,67.41600493,64.92,73.61,75.39,74.59056,72.37,6.382089,67.40788369,4.790004,64.92683434,https://youtu.be/DRtuCEIRHSI,NIL,https://researchdata.ntu.edu.sg/api/access/datafile/111257?gbrecs=true,https://researchdata.ntu.edu.sg/api/access/datafile/110472?gbrecs=true,https://researchdata.ntu.edu.sg/api/access/datafile/111280?gbrecs=true,NIL,NIL,https://researchdata.ntu.edu.sg/api/access/datafile/111265?gbrecs=true,https://youtu.be/Nsb2Amo29gc,https://researchdata.ntu.edu.sg/api/access/datafile/111080?gbrecs=true,https://researchdata.ntu.edu.sg/api/access/datafile/111330?gbrecs=true,https://researchdata.ntu.edu.sg/api/access/datafile/110366?gbrecs=true,https://researchdata.ntu.edu.sg/api/access/datafile/110182?gbrecs=true,https://researchdata.ntu.edu.sg/api/access/datafile/110148?gbrecs=true,https://researchdata.ntu.edu.sg/api/access/datafile/110167?gbrecs=true,1,1,1,1
23,C&R,8,1.442881682,103.7756387,Monday,1.442259,103.775228,20230111,1052,Opposite SPC Admiralty (Petrol Station),Recorded on 20230111 by Jessie & Hao Weng.,1,49,3,1,2,1,1,6,7,29,38,17,29,38,17,13,36,0,13,36,0,REC094,S0059,Opposite SPC Admiralty (Petrol Station),Opposite SPC Admiralty (Petrol Station),71.5,70.04,70.83106563,67.31,76.88,75.9,76.41758,73.3,5.8115,70.84140724,3.878706,67.32944229,https://youtu.be/OR040bRD-Zc,NIL,https://researchdata.ntu.edu.sg/api/access/datafile/111281?gbrecs=true,https://researchdata.ntu.edu.sg/api/access/datafile/110482?gbrecs=true,https://researchdata.ntu.edu.sg/api/access/datafile/111269?gbrecs=true,NIL,NIL,https://researchdata.ntu.edu.sg/api/access/datafile/111256?gbrecs=true,https://youtu.be/We8TsEi51Pk,https://researchdata.ntu.edu.sg/api/access/datafile/111075?gbrecs=true,https://researchdata.ntu.edu.sg/api/access/datafile/111312?gbrecs=true,https://researchdata.ntu.edu.sg/api/access/datafile/110315?gbrecs=true,https://researchdata.ntu.edu.sg/api/access/datafile/110329?gbrecs=true,https://researchdata.ntu.edu.sg/api/access/datafile/110278?gbrecs=true,https://researchdata.ntu.edu.sg/api/access/datafile/110301?gbrecs=true,1,1,1,1
62,B&L,18,1.4484589,103.8223306,NIL,1.448508,103.823187,20230111,1253,Intersection of Canberra Road & Old Nelson Road,Recorded on 20230111 by Jessie & Hao Weng. Actually Bukit Canberra Hawker Centre,2,16,13,2,5,7,2,8,14,27,25,22,22,53,20,19,44,0,19,44,0,REC095,S0060,Old Nelson Road,Intersection of Canberra Road & Old Nelson Road,62.64,62.9,62.77194539,59.88,60.37,60.26,60.31535,57.37,4.56021,62.77162522,3.265447,59.92733009,https://youtu.be/TZAII0S3MDI,NIL,https://researchdata.ntu.edu.sg/api/access/datafile/111270?gbrecs=true,https://researchdata.ntu.edu.sg/api/access/datafile/110504?gbrecs=true,https://researchdata.ntu.edu.sg/api/access/datafile/111259?gbrecs=true,NIL,NIL,https://researchdata.ntu.edu.sg/api/access/datafile/111268?gbrecs=true,https://youtu.be/lz-f1Mi3zSw,https://researchdata.ntu.edu.sg/api/access/datafile/111097?gbrecs=true,https://researchdata.ntu.edu.sg/api/access/datafile/111317?gbrecs=true,https://researchdata.ntu.edu.sg/api/access/datafile/110266?gbrecs=true,https://researchdata.ntu.edu.sg/api/access/datafile/110262?gbrecs=true,https://researchdata.ntu.edu.sg/api/access/datafile/110293?gbrecs=true,https://researchdata.ntu.edu.sg/api/access/datafile/110272?gbrecs=true,1,1,1,1
56,B&L,12,1.41744081,103.8332204,Throughout the day,1.417219,103.833348,20230111,1413,Khatib MRT Station,Recorded on 20230111 by Jessie & Hao Weng.,1,28,21,1,59,1,2,2,12,28,35,19,22,59,25,5,8,0,5,8,0,REC096,S0061,Khatib MRT Station,Khatib MRT Station,59.78,59.85,59.81514103,57.56,60.75,61.2,60.98083,58.57,6.566258,59.83596116,5.000864,57.51675344,https://youtu.be/VUzfAaC9hCU,NIL,https://researchdata.ntu.edu.sg/api/access/datafile/111267?gbrecs=true,https://researchdata.ntu.edu.sg/api/access/datafile/110461?gbrecs=true,https://researchdata.ntu.edu.sg/api/access/datafile/111262?gbrecs=true,NIL,NIL,https://researchdata.ntu.edu.sg/api/access/datafile/111291?gbrecs=true,https://youtu.be/_ttqP29RVHE,https://researchdata.ntu.edu.sg/api/access/datafile/111081?gbrecs=true,https://researchdata.ntu.edu.sg/api/access/datafile/111299?gbrecs=true,https://researchdata.ntu.edu.sg/api/access/datafile/110234?gbrecs=true,https://researchdata.ntu.edu.sg/api/access/datafile/110391?gbrecs=true,https://researchdata.ntu.edu.sg/api/access/datafile/110354?gbrecs=true,https://researchdata.ntu.edu.sg/api/access/datafile/110149?gbrecs=true,1,1,1,1
9,F&E,9,1.4297405,103.8351859,NIL,1.429314,103.834749,20230111,1519,Yishun MRT Station,Recorded on 20230111 by Jessie & Hao Weng,1,26,5,1,15,7,1,17,25,30,0,11,23,43,18,12,39,0,12,39,0,REC097,S0062,Yishun MRT Station,Yishun MRT Station,59.99,59.04,59.54092441,56.76,63.46,64.53,64.02787,61.36,5.936969,59.55613095,4.266233,56.75673,https://youtu.be/43DcV7HjHls,NIL,https://researchdata.ntu.edu.sg/api/access/datafile/111279?gbrecs=true,https://researchdata.ntu.edu.sg/api/access/datafile/110499?gbrecs=true,https://researchdata.ntu.edu.sg/api/access/datafile/111286?gbrecs=true,NIL,NIL,https://researchdata.ntu.edu.sg/api/access/datafile/111276?gbrecs=true,https://youtu.be/cPnVe2XU1u0,https://researchdata.ntu.edu.sg/api/access/datafile/111064?gbrecs=true,https://researchdata.ntu.edu.sg/api/access/datafile/111343?gbrecs=true,https://researchdata.ntu.edu.sg/api/access/datafile/110380?gbrecs=true,https://researchdata.ntu.edu.sg/api/access/datafile/110343?gbrecs=true,https://researchdata.ntu.edu.sg/api/access/datafile/110220?gbrecs=true,https://researchdata.ntu.edu.sg/api/access/datafile/110221?gbrecs=true,1,1,1,1
63,NIL,1,1.2876178,103.8245763,NIL,1.2876178,103.8245763,20230306,1010,Tiong Bahru Park Therapeutic Garden (no speakers),"For internal reference, AUS system deployment location.",3,11,21,3,4,26,3,11,16,21,54,5,27,35,17,-1,-1,-1,-1,-1,-1,REC099,S9001,Tiong Bahru Park Therapeutic Garden (no speakers),Tiong Bahru Park Therapeutic Garden (no speakers),-240,-240,-240,-240,-240,-240,-240,-240,-1,-240,-1,-240,https://www.wikipedia.org/,NIL,https://www.wikipedia.org/,https://www.wikipedia.org/,https://www.wikipedia.org/,NIL,NIL,https://www.wikipedia.org/,https://www.wikipedia.org/,https://www.wikipedia.org/,https://www.wikipedia.org/,https://www.wikipedia.org/,https://www.wikipedia.org/,https://www.wikipedia.org/,https://www.wikipedia.org/,0,0,0,0
64,NIL,2,1.4113265,103.9024714,NIL,1.4113265,103.9024714,20230306,1906,Punggol Waterway Park Therapeutic Garden (no speakers),"For internal reference, AUS system deployment location.",2,37,21,2,18,1,2,21,3,24,14,4,24,14,4,-1,-1,-1,-1,-1,-1,REC101,S9002,Punggol Waterway Park Therapeutic Garden (no speakers),Punggol Waterway Park Therapeutic Garden (no speakers),-240,-240,-240,-240,-240,-240,-240,-240,-1,-240,-1,-240,https://www.wikipedia.org/,NIL,https://www.wikipedia.org/,https://www.wikipedia.org/,https://www.wikipedia.org/,NIL,NIL,https://www.wikipedia.org/,https://www.wikipedia.org/,https://www.wikipedia.org/,https://www.wikipedia.org/,https://www.wikipedia.org/,https://www.wikipedia.org/,https://www.wikipedia.org/,https://www.wikipedia.org/,0,0,0,0
65,NIL,3,1.3083473,103.7951890,NIL,1.3083473,103.7951890,20230307,0825,Holland Avenue Hill (no speakers),"For internal reference, AUS system deployment location.",2,26,11,2,32,14,2,36,13,19,50,23,28,14,0,-1,-1,-1,-1,-1,-1,REC102,S9003,Holland Avenue Hill (no speakers),Holland Avenue Hill (no speakers),-240,-240,-240,-240,-240,-240,-240,-240,-1,-240,-1,-240,https://www.wikipedia.org/,NIL,https://www.wikipedia.org/,https://www.wikipedia.org/,https://www.wikipedia.org/,NIL,NIL,https://www.wikipedia.org/,https://www.wikipedia.org/,https://www.wikipedia.org/,https://www.wikipedia.org/,https://www.wikipedia.org/,https://www.wikipedia.org/,https://www.wikipedia.org/,https://www.wikipedia.org/,0,0,0,0
66,NIL,4,1.4010448,103.8940388,NIL,1.4010448,103.8940388,20230307,1835,Block 222 Sumang Lane Multi-Storey Carpark (no speakers),"For internal reference, AUS system deployment location.",2,31,2,2,11,28,2,16,12,22,47,1,29,11,15,-1,-1,-1,-1,-1,-1,REC103,S9004,Block 222 Sumang Lane Multi-Storey Carpark (no speakers),Block 222 Sumang Lane Multi-Storey Carpark (no speakers),-240,-240,-240,-240,-240,-240,-240,-240,-1,-240,-1,-240,https://www.wikipedia.org/,NIL,https://www.wikipedia.org/,https://www.wikipedia.org/,https://www.wikipedia.org/,NIL,NIL,https://www.wikipedia.org/,https://www.wikipedia.org/,https://www.wikipedia.org/,https://www.wikipedia.org/,https://www.wikipedia.org/,https://www.wikipedia.org/,https://www.wikipedia.org/,https://www.wikipedia.org/,0,0,0,0
67,NIL,5,1.3435083,103.6862002,NIL,1.3435083,103.6862002,20230412,1034,Yunnan Garden Far East Gazebo (no speakers),"For internal reference, AUS system deployment location.",-1,-1,-1,-1,-1,-1,-1,-1,-1,-1,-1,-1,-1,-1,-1,-1,-1,-1,-1,-1,-1,REC105,S9005,Yunnan Garden Far East Gazebo (no speakers),Yunnan Garden Far East Gazebo (no speakers),-240,-240,-240,-240,-240,-240,-240,-240,-1,-240,-1,-240,https://www.wikipedia.org/,NIL,https://www.wikipedia.org/,https://www.wikipedia.org/,https://www.wikipedia.org/,NIL,NIL,https://www.wikipedia.org/,https://www.wikipedia.org/,https://www.wikipedia.org/,https://www.wikipedia.org/,https://www.wikipedia.org/,https://www.wikipedia.org/,https://www.wikipedia.org/,https://www.wikipedia.org/,0,0,0,0
